recommendation_id,selection_key,display_order,record_type,category,activity,body_part,risk_level,trigger_condition,thai_source_text,source_id,source_page,source_section,source_priority,catalog_version,record_status,legacy_text_th,legacy_text_en
act_adj_eye_level.01,act_adj_eye_level,1,recommendation,posture,any,any,any,selection_key_selected,ปรับงานให้อยู่ระดับสายตา,body_map_recommendations,1-2,Neck,1,2026-07-29.1,source_verified,ปรับงานให้อยู่ระดับสายตา ลดการก้มคอ,Adjust work to eye level
act_adj_eye_level.02,act_adj_eye_level,2,recommendation,posture,any,any,any,selection_key_selected,ลดการก้มคอ,body_map_recommendations,1-2,Neck,1,2026-07-29.1,source_verified,,
act_adj_wrist.01,act_adj_wrist,1,recommendation,posture,any,any,any,selection_key_selected,ปรับด้ามจับเครื่องมือให้ข้อมืออยู่ในแนวตรง,body_map_recommendations,5-6,Wrist and hand,1,2026-07-29.1,source_verified,ปรับด้ามจับเครื่องมือให้ข้อมืออยู่ในแนวตรง,Keep wrist in neutral position
act_avoid_bend.01,act_avoid_bend,1,recommendation,posture,any,any,any,selection_key_selected,ลดการก้มโดยยกพื้นที่ทำงานให้สูงขึ้น,body_map_recommendations,2-3,Neck and trunk,1,2026-07-29.1,source_verified,หลีกเลี่ยงการก้มหลังมาก หรือใช้เข็มขัดพยุงหลัง,Avoid deep bending or use back support
act_avoid_twist.01,act_avoid_twist,1,recommendation,posture,any,any,any,selection_key_selected,หลีกเลี่ยงการบิดลำตัวหรือเอียงตัวขณะทำงาน,body_map_recommendations,2-3,Avoid twisting,1,2026-07-29.1,source_verified,หลีกเลี่ยงการบิดลำตัวหรือเอียงตัวขณะทำงาน,Avoid twisting or side bending while working
act_body_arms_high.01,act_body_arms_high,1,recommendation,posture,any,arms,high,body_part_risk_matches,ไม่ยกแขนเหนือไหล่ต่อเนื่องเกิน 2 นาที,body_map_recommendations,4,act_body_arms_high,1,2026-07-29.1,source_verified,ไม่ยกแขนเหนือไหล่ต่อเนื่องเกิน 2 นาที พักแขน 3-5 นาทีทุก 15-20 นาที และใช้เครื่องมือด้ามยาวหรือแท่นยืนที่มั่นคง,Do not keep arms above shoulder level for more than 2 minutes; rest 3-5 minutes every 15-20 minutes and use long-handled tools or a stable platform.
act_body_arms_high.02,act_body_arms_high,2,recommendation,posture,any,arms,high,body_part_risk_matches,พักแขน 3-5 นาทีทุก 15-20 นาที,body_map_recommendations,4,act_body_arms_high,1,2026-07-29.1,source_verified,,
act_body_arms_high.03,act_body_arms_high,3,recommendation,posture,any,arms,high,body_part_risk_matches,ใช้เครื่องมือด้ามยาวหรือแท่นยืนที่มั่นคง,body_map_recommendations,4,act_body_arms_high,1,2026-07-29.1,source_verified,,
act_body_arms_medium.01,act_body_arms_medium,1,recommendation,posture,any,arms,medium,body_part_risk_matches,จัดวัสดุให้อยู่ในระยะเอื้อมไม่เกิน 40 ซม.,body_map_recommendations,4,act_body_arms_medium,1,2026-07-29.1,source_verified,จัดวัสดุให้อยู่ในระยะเอื้อมไม่เกิน 40 ซม. วางอุปกรณ์เมื่อไม่ใช้ พักไหล่ทุก 30 นาที และให้งานอยู่ต่ำกว่าระดับไหล่,"Keep materials within 40 cm reach, put tools down when not in use, rest shoulders every 30 minutes, and keep work below shoulder height."
act_body_arms_medium.02,act_body_arms_medium,2,recommendation,posture,any,arms,medium,body_part_risk_matches,วางอุปกรณ์เมื่อไม่ใช้,body_map_recommendations,4,act_body_arms_medium,1,2026-07-29.1,source_verified,,
act_body_arms_medium.03,act_body_arms_medium,3,recommendation,posture,any,arms,medium,body_part_risk_matches,พักไหล่ทุก 30 นาที และให้งานอยู่ต่ำกว่าระดับไหล่,body_map_recommendations,4,act_body_arms_medium,1,2026-07-29.1,source_verified,,
act_body_arms_very_high.01,act_body_arms_very_high,1,recommendation,posture,any,arms,very_high,body_part_risk_matches,จำกัดงานเหนือศีรษะเป็นรอบสั้น,body_map_recommendations,4-5,act_body_arms_very_high,1,2026-07-29.1,source_verified,จำกัดงานเหนือศีรษะเป็นรอบสั้น ใช้เครื่องมือด้ามยาวที่น้ำหนักเบา และสลับไปทำงานที่ใช้แขนต่ำกว่าระดับไหล่,"Limit overhead work to short rounds, use lighter long-handled tools, and rotate to work below shoulder level."
act_body_arms_very_high.02,act_body_arms_very_high,2,recommendation,posture,any,arms,very_high,body_part_risk_matches,ใช้เครื่องมือด้ามยาวที่น้ำหนักเบา,body_map_recommendations,4-5,act_body_arms_very_high,1,2026-07-29.1,source_verified,,
act_body_arms_very_high.03,act_body_arms_very_high,3,recommendation,posture,any,arms,very_high,body_part_risk_matches,สลับไปทำงานที่ใช้แขนต่ำกว่าระดับไหล่,body_map_recommendations,4-5,act_body_arms_very_high,1,2026-07-29.1,source_verified,,
act_body_legs_high.01,act_body_legs_high,1,recommendation,posture,any,legs,high,body_part_risk_matches,ไม่นั่งยองหรือคุกเข่าต่อเนื่องเกิน 15 นาที,body_map_recommendations,6-7,act_body_legs_high,1,2026-07-29.1,source_verified,ไม่นั่งยองหรือคุกเข่าต่อเนื่องเกิน 15 นาที ลุกเดิน 3-5 นาทีทุก 15 นาที และใช้เก้าอี้เตี้ยหรือแผ่นรองเข่า,Do not squat or kneel continuously for more than 15 minutes; walk 3-5 minutes every 15 minutes and use a low stool or knee pad.
act_body_legs_high.02,act_body_legs_high,2,recommendation,posture,any,legs,high,body_part_risk_matches,ลุกเดิน 3-5 นาทีทุก 15 นาที,body_map_recommendations,6-7,act_body_legs_high,1,2026-07-29.1,source_verified,,
act_body_legs_high.03,act_body_legs_high,3,recommendation,posture,any,legs,high,body_part_risk_matches,ใช้เก้าอี้เตี้ยหรือแผ่นรองเข่า,body_map_recommendations,6-7,act_body_legs_high,1,2026-07-29.1,source_verified,,
act_body_legs_medium.01,act_body_legs_medium,1,recommendation,posture,any,legs,medium,body_part_risk_matches,ลุกยืนหรือเดินทุก 20 นาที,body_map_recommendations,6,act_body_legs_medium,1,2026-07-29.1,source_verified,ลุกยืนหรือเดินทุก 20 นาที ใช้เบาะรองนั่งหรือแผ่นรองเข่า และสลับระหว่างนั่ง ยืน และเดิน,"Stand or walk every 20 minutes, use a squat cushion or knee pad, and alternate between sitting, standing, and walking."
act_body_legs_medium.02,act_body_legs_medium,2,recommendation,posture,any,legs,medium,body_part_risk_matches,ใช้เบาะรองนั่งหรือแผ่นรองเข่า,body_map_recommendations,6,act_body_legs_medium,1,2026-07-29.1,source_verified,,
act_body_legs_medium.03,act_body_legs_medium,3,recommendation,posture,any,legs,medium,body_part_risk_matches,สลับระหว่างนั่ง ยืน และเดิน,body_map_recommendations,6,act_body_legs_medium,1,2026-07-29.1,source_verified,,
act_body_legs_very_high.01,act_body_legs_very_high,1,recommendation,posture,any,legs,very_high,body_part_risk_matches,หลีกเลี่ยงการนั่งยองหรือคุกเข่าเกิน 10 นาที,body_map_recommendations,7,act_body_legs_very_high,1,2026-07-29.1,source_verified,หลีกเลี่ยงการนั่งยองหรือคุกเข่าเกิน 10 นาที พักทุก 10-15 นาที ใช้อุปกรณ์ช่วยทำงานระดับพื้น และลดเวลาทำงานใกล้พื้น,"Avoid squatting or kneeling for more than 10 minutes, rest every 10-15 minutes, use floor-work aids, and reduce time working near the ground."
act_body_legs_very_high.02,act_body_legs_very_high,2,recommendation,posture,any,legs,very_high,body_part_risk_matches,พักทุก 10-15 นาที,body_map_recommendations,7,act_body_legs_very_high,1,2026-07-29.1,source_verified,,
act_body_legs_very_high.03,act_body_legs_very_high,3,recommendation,posture,any,legs,very_high,body_part_risk_matches,ใช้อุปกรณ์ช่วยทำงานระดับพื้น,body_map_recommendations,7,act_body_legs_very_high,1,2026-07-29.1,source_verified,,
act_body_legs_very_high.04,act_body_legs_very_high,4,recommendation,posture,any,legs,very_high,body_part_risk_matches,ลดเวลาทำงานใกล้พื้น,body_map_recommendations,7,act_body_legs_very_high,1,2026-07-29.1,source_verified,,
act_body_manual_high.01,act_body_manual_high,1,recommendation,posture,any,manual,high,body_part_risk_matches,แบ่งน้ำหนักต่อครั้งไม่เกิน 10 กก.,body_map_recommendations,7-8,act_body_manual_high,1,2026-07-29.1,source_verified,แบ่งน้ำหนักต่อครั้งไม่เกิน 10 กก. ใช้รถเข็นเมื่อขนไกลกว่า 10 เมตร ให้ 2 คนช่วยยกเมื่อหนักเกิน 20 กก. และหลีกเลี่ยงการบิดตัวขณะยก,"Limit each load to no more than 10 kg, use a cart for distances over 10 m, ask for two-person lifting when over 20 kg, and avoid twisting while lifting."
act_body_manual_high.02,act_body_manual_high,2,recommendation,posture,any,manual,high,body_part_risk_matches,ใช้รถเข็นเมื่อขนไกลกว่า 10 เมตร ให้ 2 คนช่วยยกเมื่อหนักเกิน 20 กก.,body_map_recommendations,7-8,act_body_manual_high,1,2026-07-29.1,source_verified,,
act_body_manual_high.03,act_body_manual_high,3,recommendation,posture,any,manual,high,body_part_risk_matches,หลีกเลี่ยงการบิดตัวขณะยก,body_map_recommendations,7-8,act_body_manual_high,1,2026-07-29.1,source_verified,,
act_body_manual_medium.01,act_body_manual_medium,1,recommendation,posture,any,manual,medium,body_part_risk_matches,แบ่งถุงหรือภาชนะให้หนักไม่เกิน 15 กก.,body_map_recommendations,7,act_body_manual_medium,1,2026-07-29.1,source_verified,แบ่งถุงหรือภาชนะให้หนักไม่เกิน 15 กก. ถือของให้ชิดลำตัว ใช้สองมือช่วยยก และหลีกเลี่ยงการยกเหนือระดับไหล่,"Split each bag or container to no more than 15 kg, keep the load close to the body, lift with both hands, and avoid lifting above shoulder height."
act_body_manual_medium.02,act_body_manual_medium,2,recommendation,posture,any,manual,medium,body_part_risk_matches,ถือของให้ชิดลำตัว,body_map_recommendations,7,act_body_manual_medium,1,2026-07-29.1,source_verified,,
act_body_manual_medium.03,act_body_manual_medium,3,recommendation,posture,any,manual,medium,body_part_risk_matches,ใช้สองมือช่วยยก,body_map_recommendations,7,act_body_manual_medium,1,2026-07-29.1,source_verified,,
act_body_manual_medium.04,act_body_manual_medium,4,recommendation,posture,any,manual,medium,body_part_risk_matches,หลีกเลี่ยงการยกเหนือระดับไหล่,body_map_recommendations,7,act_body_manual_medium,1,2026-07-29.1,source_verified,,
act_body_manual_very_high.01,act_body_manual_very_high,1,recommendation,posture,any,manual,very_high,body_part_risk_matches,ใช้รถเข็น รถลาก หรืออุปกรณ์ช่วยยก,body_map_recommendations,8,act_body_manual_very_high,1,2026-07-29.1,source_verified,ใช้รถเข็น รถลาก หรืออุปกรณ์ช่วยยก หลีกเลี่ยงการยกเกิน 20 กก. คนเดียว ถ้าหนัก 20-25 กก. ให้ช่วยกันยก และถ้าเกิน 25 กก. ให้ใช้อุปกรณ์ช่วย,"Use a cart, trolley, or lifting aid; avoid lifting more than 20 kg alone, team-lift 20-25 kg loads, and use lifting equipment above 25 kg."
act_body_manual_very_high.02,act_body_manual_very_high,2,recommendation,posture,any,manual,very_high,body_part_risk_matches,หลีกเลี่ยงการยกเกิน 20 กก. คนเดียว,body_map_recommendations,8,act_body_manual_very_high,1,2026-07-29.1,source_verified,,
act_body_manual_very_high.03,act_body_manual_very_high,3,recommendation,posture,any,manual,very_high,body_part_risk_matches,ถ้าหนัก 20-25 กก. ให้ช่วยกันยก,body_map_recommendations,8,act_body_manual_very_high,1,2026-07-29.1,source_verified,,
act_body_manual_very_high.04,act_body_manual_very_high,4,recommendation,posture,any,manual,very_high,body_part_risk_matches,ถ้าเกิน 25 กก. ให้ใช้อุปกรณ์ช่วย,body_map_recommendations,8,act_body_manual_very_high,1,2026-07-29.1,source_verified,,
act_body_neck_high.01,act_body_neck_high,1,recommendation,posture,any,neck,high,body_part_risk_matches,ปรับพื้นที่ทำงานให้สูงขึ้น ยืดเหยียดคอทุก 15-20 นาที,body_map_recommendations,2,act_body_neck_high,1,2026-07-29.1,source_verified,ปรับพื้นที่ทำงานให้สูงขึ้น ยืดเหยียดคอทุก 15-20 นาที ใช้อุปกรณ์ช่วยหยิบจับ และหลีกเลี่ยงการบิดหรือเอียงคอ,"Raise the work area, stretch the neck every 15-20 minutes, use reach tools, and avoid twisting or tilting the neck."
act_body_neck_high.02,act_body_neck_high,2,recommendation,posture,any,neck,high,body_part_risk_matches,ใช้อุปกรณ์ช่วยหยิบจับ,body_map_recommendations,2,act_body_neck_high,1,2026-07-29.1,source_verified,,
act_body_neck_high.03,act_body_neck_high,3,recommendation,posture,any,neck,high,body_part_risk_matches,หลีกเลี่ยงการบิดหรือเอียงคอ,body_map_recommendations,2,act_body_neck_high,1,2026-07-29.1,source_verified,,
act_body_neck_medium.01,act_body_neck_medium,1,recommendation,posture,any,neck,medium,body_part_risk_matches,ยกถาดหรือวัสดุให้อยู่ระดับเอว,body_map_recommendations,1,act_body_neck_medium,1,2026-07-29.1,source_verified,ยกถาดหรือวัสดุให้อยู่ระดับเอว เปลี่ยนท่าคอทุก 30 นาที และหลีกเลี่ยงการก้มมองพื้นต่อเนื่อง,"Raise trays or materials to waist height, change neck posture every 30 minutes, and avoid looking down continuously."
act_body_neck_medium.02,act_body_neck_medium,2,recommendation,posture,any,neck,medium,body_part_risk_matches,เปลี่ยนท่าคอทุก 30 นาที,body_map_recommendations,1,act_body_neck_medium,1,2026-07-29.1,source_verified,,
act_body_neck_medium.03,act_body_neck_medium,3,recommendation,posture,any,neck,medium,body_part_risk_matches,หลีกเลี่ยงการก้มมองพื้นต่อเนื่อง,body_map_recommendations,1,act_body_neck_medium,1,2026-07-29.1,source_verified,,
act_body_neck_very_high.01,act_body_neck_very_high,1,recommendation,posture,any,neck,very_high,body_part_risk_matches,ปรับวิธีทำงานทันที,body_map_recommendations,2,act_body_neck_very_high,1,2026-07-29.1,source_verified,ปรับวิธีทำงานทันที ยกวัสดุขึ้นระดับเอว ใช้เครื่องมือด้ามยาว และเปลี่ยนอิริยาบถทุก 10-15 นาที,"Change the work method immediately: lift materials to waist level, use long-handled tools, and change posture every 10-15 minutes."
act_body_neck_very_high.02,act_body_neck_very_high,2,recommendation,posture,any,neck,very_high,body_part_risk_matches,ยกวัสดุขึ้นระดับเอว,body_map_recommendations,2,act_body_neck_very_high,1,2026-07-29.1,source_verified,,
act_body_neck_very_high.03,act_body_neck_very_high,3,recommendation,posture,any,neck,very_high,body_part_risk_matches,ใช้เครื่องมือด้ามยาว,body_map_recommendations,2,act_body_neck_very_high,1,2026-07-29.1,source_verified,,
act_body_neck_very_high.04,act_body_neck_very_high,4,recommendation,posture,any,neck,very_high,body_part_risk_matches,เปลี่ยนอิริยาบถทุก 10-15 นาที,body_map_recommendations,2,act_body_neck_very_high,1,2026-07-29.1,source_verified,,
act_body_trunk_high.01,act_body_trunk_high,1,recommendation,posture,any,trunk,high,body_part_risk_matches,หลีกเลี่ยงการก้มต่อเนื่องเกิน 10-15 นาที ยืดเหยียดทุก 15 นาที,body_map_recommendations,3,act_body_trunk_high,1,2026-07-29.1,source_verified,หลีกเลี่ยงการก้มต่อเนื่องเกิน 10-15 นาที ยืดเหยียดทุก 15 นาที หันหน้าเข้าหาวัสดุก่อนยก และหมุนเท้าแทนการบิดเอว,"Avoid bending for more than 10-15 minutes, stretch every 15 minutes, face the load before lifting, and turn with the feet instead of twisting the waist."
act_body_trunk_high.02,act_body_trunk_high,2,recommendation,posture,any,trunk,high,body_part_risk_matches,หันหน้าเข้าหาวัสดุก่อนยก,body_map_recommendations,3,act_body_trunk_high,1,2026-07-29.1,source_verified,,
act_body_trunk_high.03,act_body_trunk_high,3,recommendation,posture,any,trunk,high,body_part_risk_matches,หมุนเท้าแทนการบิดเอว,body_map_recommendations,3,act_body_trunk_high,1,2026-07-29.1,source_verified,,
act_body_trunk_medium.01,act_body_trunk_medium,1,recommendation,posture,any,trunk,medium,body_part_risk_matches,วางวัสดุให้อยู่ใกล้ตัวไม่เกิน 40 ซม.,body_map_recommendations,3,act_body_trunk_medium,1,2026-07-29.1,source_verified,วางวัสดุให้อยู่ใกล้ตัวไม่เกิน 40 ซม. ยกงานจากพื้น 50-70 ซม. และลุกเปลี่ยนท่าทุก 20-30 นาที,"Keep materials within 40 cm, raise work from the ground by 50-70 cm, and stand up to change posture every 20-30 minutes."
act_body_trunk_medium.02,act_body_trunk_medium,2,recommendation,posture,any,trunk,medium,body_part_risk_matches,ยกงานจากพื้น 50-70 ซม.,body_map_recommendations,3,act_body_trunk_medium,1,2026-07-29.1,source_verified,,
act_body_trunk_medium.03,act_body_trunk_medium,3,recommendation,posture,any,trunk,medium,body_part_risk_matches,ลุกเปลี่ยนท่าทุก 20-30 นาที,body_map_recommendations,3,act_body_trunk_medium,1,2026-07-29.1,source_verified,,
act_body_trunk_very_high.01,act_body_trunk_very_high,1,recommendation,posture,any,trunk,very_high,body_part_risk_matches,ใช้รถเข็นหรืออุปกรณ์ช่วยยก,body_map_recommendations,3-4,act_body_trunk_very_high,1,2026-07-29.1,source_verified,ใช้รถเข็นหรืออุปกรณ์ช่วยยก หลีกเลี่ยงการยกเกิน 20 กก. คนเดียว ปรับงานให้อยู่ระดับเข่าถึงเอว และลดการขนย้ายที่ไม่จำเป็น,"Use carts or lifting aids, avoid lifting more than 20 kg alone, raise the work area to knee-to-waist height, and reduce unnecessary carries."
act_body_trunk_very_high.02,act_body_trunk_very_high,2,recommendation,posture,any,trunk,very_high,body_part_risk_matches,หลีกเลี่ยงการยกเกิน 20 กก. คนเดียว,body_map_recommendations,3-4,act_body_trunk_very_high,1,2026-07-29.1,source_verified,,
act_body_trunk_very_high.03,act_body_trunk_very_high,3,recommendation,posture,any,trunk,very_high,body_part_risk_matches,ปรับงานให้อยู่ระดับเข่าถึงเอว,body_map_recommendations,3-4,act_body_trunk_very_high,1,2026-07-29.1,source_verified,,
act_body_trunk_very_high.04,act_body_trunk_very_high,4,recommendation,posture,any,trunk,very_high,body_part_risk_matches,ลดการขนย้ายที่ไม่จำเป็น,body_map_recommendations,3-4,act_body_trunk_very_high,1,2026-07-29.1,source_verified,,
act_body_wrists_high.01,act_body_wrists_high,1,recommendation,posture,any,wrists,high,body_part_risk_matches,พักมือและข้อมือทุก 15-20 นาที,body_map_recommendations,5-6,act_body_wrists_high,1,2026-07-29.1,source_verified,พักมือและข้อมือทุก 15-20 นาที สลับงานทุก 20-30 นาที ใช้ด้ามจับที่เหมาะสม และลดแรงกำขณะจับอุปกรณ์,"Rest hands and wrists every 15-20 minutes, rotate tasks every 20-30 minutes, use suitable handles, and reduce gripping force."
act_body_wrists_high.02,act_body_wrists_high,2,recommendation,posture,any,wrists,high,body_part_risk_matches,สลับงานทุก 20-30 นาที,body_map_recommendations,5-6,act_body_wrists_high,1,2026-07-29.1,source_verified,,
act_body_wrists_high.03,act_body_wrists_high,3,recommendation,posture,any,wrists,high,body_part_risk_matches,ใช้ด้ามจับที่เหมาะสม,body_map_recommendations,5-6,act_body_wrists_high,1,2026-07-29.1,source_verified,,
act_body_wrists_high.04,act_body_wrists_high,4,recommendation,posture,any,wrists,high,body_part_risk_matches,ลดแรงกำขณะจับอุปกรณ์,body_map_recommendations,5-6,act_body_wrists_high,1,2026-07-29.1,source_verified,,
act_body_wrists_medium.01,act_body_wrists_medium,1,recommendation,posture,any,wrists,medium,body_part_risk_matches,ใช้ด้ามจับที่พอดีมือ,body_map_recommendations,5,act_body_wrists_medium,1,2026-07-29.1,source_verified,ใช้ด้ามจับที่พอดีมือ คลายมือเป็นระยะ พักข้อมือทุก 30 นาที และยืดเหยียดนิ้วมือกับข้อมือระหว่างพัก,"Use handles that fit the hand, relax the grip regularly, rest wrists every 30 minutes, and stretch fingers and wrists during breaks."
act_body_wrists_medium.02,act_body_wrists_medium,2,recommendation,posture,any,wrists,medium,body_part_risk_matches,คลายมือเป็นระยะ,body_map_recommendations,5,act_body_wrists_medium,1,2026-07-29.1,source_verified,,
act_body_wrists_medium.03,act_body_wrists_medium,3,recommendation,posture,any,wrists,medium,body_part_risk_matches,พักข้อมือทุก 30 นาที และยืดเหยียดนิ้วมือกับข้อมือระหว่างพัก,body_map_recommendations,5,act_body_wrists_medium,1,2026-07-29.1,source_verified,,
act_body_wrists_very_high.01,act_body_wrists_very_high,1,recommendation,posture,any,wrists,very_high,body_part_risk_matches,พักข้อมือ 3-5 นาทีทุก 15 นาที,body_map_recommendations,6,act_body_wrists_very_high,1,2026-07-29.1,source_verified,พักข้อมือ 3-5 นาทีทุก 15 นาที เปลี่ยนเครื่องมือให้พอดีกับมือ และใช้อุปกรณ์ช่วยลดแรงกำหรือแรงบีบที่ไม่จำเป็น,"Rest wrists 3-5 minutes every 15 minutes, change to better-fitting tools, and use aids that reduce unnecessary gripping or squeezing force."
act_body_wrists_very_high.02,act_body_wrists_very_high,2,recommendation,posture,any,wrists,very_high,body_part_risk_matches,เปลี่ยนเครื่องมือให้พอดีกับมือ,body_map_recommendations,6,act_body_wrists_very_high,1,2026-07-29.1,source_verified,,
act_body_wrists_very_high.03,act_body_wrists_very_high,3,recommendation,posture,any,wrists,very_high,body_part_risk_matches,ใช้อุปกรณ์ช่วยลดแรงกำหรือแรงบีบที่ไม่จำเป็น,body_map_recommendations,6,act_body_wrists_very_high,1,2026-07-29.1,source_verified,,
act_check_wheels.01,act_check_wheels,1,recommendation,workloadSupport,any,any,any,selection_key_selected,ตรวจสอบล้อรถเข็นว่าฝืดหรือไม่,ilo_ergonomic_checkpoints_agriculture,37,Checkpoint 5,3,2026-07-29.1,source_verified,ตรวจสอบล้อรถเข็นว่าฝืดหรือไม่,Check cart wheels for friction
act_extra_fert_cart.01,act_extra_fert_cart,1,recommendation,workloadSupport,any,any,any,selection_key_selected,ใช้รถเข็นบรรทุกกระสอบปุ๋ยแทนการแบก,app_recommendations_v3,2,Fertilizing,2,2026-07-29.1,source_verified,ใช้รถเข็นบรรทุกกระสอบปุ๋ยแทนการแบก,Use cart instead of carrying sacks
act_extra_prune_ladder.01,act_extra_prune_ladder,1,recommendation,workloadSupport,any,any,any,selection_key_selected,ใช้บันไดที่มั่นคงแทนการเอื้อมสุดแขน,app_recommendations_v3,2,Pruning,2,2026-07-29.1,source_verified,ใช้บันไดที่มั่นคงแทนการเอื้อมสุดแขน,Use stable ladder instead of reaching
act_extra_prune_tool.01,act_extra_prune_tool,1,recommendation,workloadSupport,any,any,any,selection_key_selected,ใช้กรรไกรตัดกิ่งด้ามยาว,app_recommendations_v3,2,Pruning,2,2026-07-29.1,source_verified,ใช้กรรไกรตัดกิ่งด้ามยาว,Use long-handled pruning shears
act_extra_spray_strap.01,act_extra_spray_strap,1,recommendation,workloadSupport,any,any,any,selection_key_selected,ปรับสายสะพายเครื่องพ่นยาให้กระชับ,app_recommendations_v3,2,Pesticide spraying,2,2026-07-29.1,source_verified,ปรับสายสะพายเครื่องพ่นยาให้กระชับ,Adjust sprayer straps tightly
act_extra_spray_switch.01,act_extra_spray_switch,1,recommendation,posture,any,any,any,selection_key_selected,สลับข้างสะพายถังเพื่อลดการกดทับไหล่เดียว,app_recommendations_v3,2,Pesticide spraying,2,2026-07-29.1,source_verified,สลับข้างสะพายถังเพื่อลดการกดทับไหล่เดียว,Switch shoulders to balance load
act_fert_ref_high.01,act_fert_ref_high,1,recommendation,riskReduction,fertilizing,any,high,activity_and_overall_risk_match,ลดน้ำหนักปุ๋ยต่อครั้ง,app_recommendations_v3,2,act_fert_ref_high,2,2026-07-29.1,source_verified,ลดน้ำหนักปุ๋ยต่อครั้ง ใช้สายพานหรือรถเข็น จัดพัก 10 นาทีทุกชั่วโมง และหลีกเลี่ยงการทำงานบนพื้นที่ลาดชันต่อเนื่อง,"Reduce fertilizer weight per trip, use a conveyor or cart, rest 10 minutes every hour, and avoid continuous work on slopes."
act_fert_ref_high.02,act_fert_ref_high,2,recommendation,riskReduction,fertilizing,any,high,activity_and_overall_risk_match,ใช้สายพานหรือรถเข็น,app_recommendations_v3,2,act_fert_ref_high,2,2026-07-29.1,source_verified,,
act_fert_ref_high.03,act_fert_ref_high,3,recommendation,riskReduction,fertilizing,any,high,activity_and_overall_risk_match,จัดพัก 10 นาทีทุกชั่วโมง,app_recommendations_v3,2,act_fert_ref_high,2,2026-07-29.1,source_verified,,
act_fert_ref_high.04,act_fert_ref_high,4,recommendation,riskReduction,fertilizing,any,high,activity_and_overall_risk_match,หลีกเลี่ยงการทำงานบนพื้นที่ลาดชันต่อเนื่อง,app_recommendations_v3,2,act_fert_ref_high,2,2026-07-29.1,source_verified,,
act_fert_ref_low.01,act_fert_ref_low,1,recommendation,riskReduction,fertilizing,any,low,activity_and_overall_risk_match,ใช้รถเข็นถ้าต้องเคลื่อนย้ายปุ๋ยไกล และหมั่นเปลี่ยนท่าทางทุก 30 นาที,app_recommendations_v3,2,act_fert_ref_low,2,2026-07-29.1,source_verified,ใช้รถเข็นถ้าต้องเคลื่อนย้ายปุ๋ยไกล และหมั่นเปลี่ยนท่าทางทุก 30 นาที,"Use a cart when fertilizer must be moved far, and change posture every 30 minutes."
act_fert_ref_medium.01,act_fert_ref_medium,1,recommendation,riskReduction,fertilizing,any,medium,activity_and_overall_risk_match,แบ่งปุ๋ยใส่ภาชนะเล็ก,app_recommendations_v3,2,act_fert_ref_medium,2,2026-07-29.1,source_verified,แบ่งปุ๋ยใส่ภาชนะเล็ก ใช้รถเข็น หลีกเลี่ยงการบิดตัวขณะยก และใส่รองเท้ากันลื่น,"Split fertilizer into smaller containers, use a cart, avoid twisting while lifting, and wear non-slip footwear."
act_fert_ref_medium.02,act_fert_ref_medium,2,recommendation,riskReduction,fertilizing,any,medium,activity_and_overall_risk_match,ใช้รถเข็น,app_recommendations_v3,2,act_fert_ref_medium,2,2026-07-29.1,source_verified,,
act_fert_ref_medium.03,act_fert_ref_medium,3,recommendation,riskReduction,fertilizing,any,medium,activity_and_overall_risk_match,หลีกเลี่ยงการบิดตัวขณะยก และใส่รองเท้ากันลื่น,app_recommendations_v3,2,act_fert_ref_medium,2,2026-07-29.1,source_verified,,
act_fert_split_load.01,act_fert_split_load,1,recommendation,posture,any,any,any,selection_key_selected,แบ่งปุ๋ยเป็นน้ำหนักน้อยลงในแต่ละรอบ,app_recommendations_v3,2,Fertilizing,2,2026-07-29.1,source_verified,แบ่งปุ๋ยเป็นน้ำหนักน้อยลงในแต่ละรอบ,Split fertilizer into smaller loads per round
act_harvest_empty_often.01,act_harvest_empty_often,1,recommendation,posture,any,any,any,selection_key_selected,ลดการก้มโดยปรับความสูงตะกร้า,app_recommendations_v3,2,Harvesting,2,2026-07-29.1,source_verified,เทผลผลิตออกจากตะกร้าให้บ่อยขึ้น เพื่อลดน้ำหนักสะสม,Empty the basket more often to reduce accumulated carrying load
act_harvest_move_closer.01,act_harvest_move_closer,1,recommendation,posture,any,any,any,selection_key_selected,ขยับเข้าใกล้ต้นก่อนเก็บ เพื่อลดการเอื้อมไกล,body_map_recommendations,4,Reach distance,1,2026-07-29.1,source_verified,ขยับเข้าใกล้ต้นก่อนเก็บ เพื่อลดการเอื้อมไกล,Move closer to the plant before picking instead of overreaching
act_harvest_ref_high.01,act_harvest_ref_high,1,recommendation,riskReduction,harvesting,any,high,activity_and_overall_risk_match,ถ้าเก็บผลจากกิ่งสูงต้องใช้บันได,app_recommendations_v3,2,act_harvest_ref_high,2,2026-07-29.1,source_verified,ถ้าเก็บผลจากกิ่งสูงต้องใช้บันได หลีกเลี่ยงการปีน หยุดพัก 10 นาทีทุก 20 นาที และถ้ามีอาการปวดมือหรือหลังให้หยุดงานทันที,"Use a ladder for high branches, avoid climbing, rest 10 minutes every 20 minutes, and stop immediately if hand or back pain occurs."
act_harvest_ref_high.02,act_harvest_ref_high,2,recommendation,riskReduction,harvesting,any,high,activity_and_overall_risk_match,หลีกเลี่ยงการปีน,app_recommendations_v3,2,act_harvest_ref_high,2,2026-07-29.1,source_verified,,
act_harvest_ref_high.03,act_harvest_ref_high,3,recommendation,riskReduction,harvesting,any,high,activity_and_overall_risk_match,หยุดพัก 10 นาทีทุก 20 นาที,app_recommendations_v3,2,act_harvest_ref_high,2,2026-07-29.1,source_verified,,
act_harvest_ref_high.04,act_harvest_ref_high,4,recommendation,riskReduction,harvesting,any,high,activity_and_overall_risk_match,ถ้ามีอาการปวดมือหรือหลังให้หยุดงานทันที,app_recommendations_v3,2,act_harvest_ref_high,2,2026-07-29.1,source_verified,,
act_harvest_ref_low.01,act_harvest_ref_low,1,recommendation,riskReduction,harvesting,any,low,activity_and_overall_risk_match,เปลี่ยนท่า ยืน-นั่งยอง ทุก 20 นาที,app_recommendations_v3,2,act_harvest_ref_low,2,2026-07-29.1,source_verified,เปลี่ยนท่า ยืน-นั่งยอง ทุก 20 นาที ใช้ถุงมือนุ่ม และตั้งตะกร้าบนแท่นสูง,"Change posture between standing and squatting every 20 minutes, use soft gloves, and place baskets on a raised stand."
act_harvest_ref_low.02,act_harvest_ref_low,2,recommendation,riskReduction,harvesting,any,low,activity_and_overall_risk_match,ใช้ถุงมือนุ่ม และตั้งตะกร้าบนแท่นสูง,app_recommendations_v3,2,act_harvest_ref_low,2,2026-07-29.1,source_verified,,
act_harvest_ref_medium.01,act_harvest_ref_medium,1,recommendation,riskReduction,harvesting,any,medium,activity_and_overall_risk_match,ใช้ถุงมือลดแรงกด,app_recommendations_v3,2,act_harvest_ref_medium,2,2026-07-29.1,source_verified,ใช้ถุงมือลดแรงกด ลดการก้มโดยปรับความสูงตะกร้า พัก 5 นาทีทุก 30 นาที และสังเกตอาการชาที่มือ,"Use padded gloves, reduce bending by raising the basket, rest 5 minutes every 30 minutes, and watch for hand numbness."
act_harvest_ref_medium.02,act_harvest_ref_medium,2,recommendation,riskReduction,harvesting,any,medium,activity_and_overall_risk_match,ลดการก้มโดยปรับความสูงตะกร้า,app_recommendations_v3,2,act_harvest_ref_medium,2,2026-07-29.1,source_verified,,
act_harvest_ref_medium.03,act_harvest_ref_medium,3,recommendation,riskReduction,harvesting,any,medium,activity_and_overall_risk_match,พัก 5 นาทีทุก 30 นาที,app_recommendations_v3,2,act_harvest_ref_medium,2,2026-07-29.1,source_verified,,
act_harvest_ref_medium.04,act_harvest_ref_medium,4,recommendation,riskReduction,harvesting,any,medium,activity_and_overall_risk_match,สังเกตอาการชาที่มือ,app_recommendations_v3,2,act_harvest_ref_medium,2,2026-07-29.1,source_verified,,
act_iso_floor_level.01,act_iso_floor_level,1,recommendation,posture,any,any,any,selection_key_selected,จัดพื้นทางเดินให้เรียบ แห้ง ไม่ลื่น และไม่มีสิ่งกีดขวาง,ilo_ergonomic_checkpoints_agriculture,"29,31",Checkpoints 1-2,3,2026-07-29.1,source_verified,จัดพื้นทางเดินให้เรียบ แห้ง ไม่ลื่น และไม่มีสิ่งกีดขวาง,"Keep floors firm, level, dry, and clear of obstacles"
act_iso_improve_grip.01,act_iso_improve_grip,1,recommendation,posture,any,any,any,selection_key_selected,ใช้ภาชนะหรือด้ามจับที่จับได้ถนัดและมั่นคง,ilo_ergonomic_checkpoints_agriculture,79,Checkpoint 25,3,2026-07-29.1,source_verified,ใช้ภาชนะหรือด้ามจับที่จับได้ถนัดและมั่นคง,Use containers or handles that are easy to grip securely
act_iso_job_rotation.01,act_iso_job_rotation,1,recommendation,restRotation,any,any,any,selection_key_selected,สลับงานเพื่อลดการใช้กล้ามเนื้อกลุ่มเดิมต่อเนื่องนานเกินไป,ilo_ergonomic_checkpoints_agriculture,229,Checkpoint 92,3,2026-07-29.1,source_verified,สลับงานเพื่อลดการใช้กล้ามเนื้อกลุ่มเดิมต่อเนื่องนานเกินไป,Rotate tasks so the same muscles are not used continuously
act_iso_keep_load_close.01,act_iso_keep_load_close,1,recommendation,posture,any,any,any,selection_key_selected,วางของให้ชิดลำตัวก่อนยกหรือขนย้าย,ilo_ergonomic_checkpoints_agriculture,51,Checkpoint 12,3,2026-07-29.1,source_verified,วางของให้ชิดลำตัวก่อนยกหรือขนย้าย,Keep the load close to the body before lifting or carrying
act_iso_lift_height.01,act_iso_lift_height,1,recommendation,posture,any,any,any,selection_key_selected,จัดของให้อยู่ระดับประมาณข้อนิ้วถึงข้อศอกก่อนยก,app_recommendations_v3,4,ISO 11228-1 mapping,2,2026-07-29.1,source_verified,จัดของให้อยู่ระดับประมาณข้อนิ้วถึงข้อศอกก่อนยก,Place the load around knuckle-to-elbow height before lifting
act_iso_neutral_reach.01,act_iso_neutral_reach,1,recommendation,posture,any,any,any,selection_key_selected,ทำงานใกล้ลำตัว,ilo_ergonomic_checkpoints_agriculture,"51,65",Checkpoints 12 and 18,3,2026-07-29.1,source_verified,ทำงานใกล้ลำตัว ลดการเอื้อมไกลหรือขยับข้อไปสุดช่วง,Keep hands near the body and avoid extreme reach or joint positions
act_iso_neutral_reach.02,act_iso_neutral_reach,2,recommendation,posture,any,any,any,selection_key_selected,ลดการเอื้อมไกลหรือขยับข้อไปสุดช่วง,ilo_ergonomic_checkpoints_agriculture,"51,65",Checkpoints 12 and 18,3,2026-07-29.1,source_verified,,
act_iso_plan_recovery.01,act_iso_plan_recovery,1,recommendation,restRotation,any,any,any,selection_key_selected,วางแผนพักสั้น ๆ หรือสลับงานเมื่อต้องทำซ้ำหลายรอบ,ilo_ergonomic_checkpoints_agriculture,243,Checkpoint 99,3,2026-07-29.1,source_verified,วางแผนพักสั้น ๆ หรือสลับงานเมื่อต้องทำซ้ำหลายรอบ,Plan short recovery breaks or rotate tasks during repeated work
act_iso_push_handle_height.01,act_iso_push_handle_height,1,recommendation,posture,any,any,any,selection_key_selected,ปรับด้ามจับให้อยู่ใกล้ระดับข้อศอก เพื่อใช้แรงได้มั่นคง,ilo_ergonomic_checkpoints_agriculture,63,Checkpoint 17,3,2026-07-29.1,source_verified,ปรับด้ามจับให้อยู่ใกล้ระดับข้อศอก เพื่อใช้แรงได้มั่นคง,Adjust handles near elbow height so the body can push steadily
act_iso_push_not_pull.01,act_iso_push_not_pull,1,recommendation,posture,any,any,any,selection_key_selected,ถ้าทำได้ให้ดันโดยใช้น้ำหนักตัว แทนการลากด้วยแรงแขน,app_recommendations_v3,5,ISO 11228-2 posture principle,2,2026-07-29.1,source_verified,ถ้าทำได้ให้ดันโดยใช้น้ำหนักตัว แทนการลากด้วยแรงแขน,Push with body weight when possible instead of pulling with the arms
act_iso_push_smooth.01,act_iso_push_smooth,1,recommendation,posture,any,any,any,selection_key_selected,ออกแรงดันหรือลากอย่างต่อเนื่อง ไม่กระชาก,app_recommendations_v3,5,ISO 11228-2 mapping,2,2026-07-29.1,source_verified,ออกแรงดันหรือลากอย่างต่อเนื่อง ไม่กระชาก,Push or pull smoothly and avoid sudden jerking force
act_iso_reduce_frequency.01,act_iso_reduce_frequency,1,recommendation,posture,any,any,any,selection_key_selected,ลดความถี่ในการยก หรือแบ่งงานเป็นรอบสั้นลง,body_map_recommendations,"4,8",Reduce repeated lifting,1,2026-07-29.1,source_verified,ลดความถี่ในการยก หรือแบ่งงานเป็นรอบสั้นลง,Reduce lifting frequency or split the task into shorter rounds
act_iso_reduce_push_distance.01,act_iso_reduce_push_distance,1,recommendation,posture,any,any,any,selection_key_selected,ลดระยะทางดัน/ลาก หรือแบ่งเส้นทางเป็นช่วงสั้นลง,app_recommendations_v3,5,ISO 11228-2 distance principle,2,2026-07-29.1,source_verified,ลดระยะทางดัน/ลาก หรือแบ่งเส้นทางเป็นช่วงสั้นลง,Shorten push/pull distance or divide the route into shorter sections
act_iso_tool_handle_fit.01,act_iso_tool_handle_fit,1,recommendation,workloadSupport,any,any,any,selection_key_selected,ใช้ด้ามจับที่ไม่ลื่น มีขนาดพอดีมือ,ilo_ergonomic_checkpoints_agriculture,79,Checkpoint 25,3,2026-07-29.1,source_verified,ใช้ด้ามจับที่ไม่ลื่น มีขนาดพอดีมือ และลดแรงบีบจับ,"Use padded, non-slip tool handles sized for a secure grip"
act_iso_tool_handle_fit.02,act_iso_tool_handle_fit,2,recommendation,workloadSupport,any,any,any,selection_key_selected,ลดแรงบีบจับ,ilo_ergonomic_checkpoints_agriculture,79,Checkpoint 25,3,2026-07-29.1,source_verified,,
act_pesticide_ref_high.01,act_pesticide_ref_high,1,recommendation,riskReduction,pesticide,any,high,activity_and_overall_risk_match,ถ้าถังพ่นหนักเกินน้ำหนักที่แนะนำ ให้ใช้อุปกรณ์ล้อเข็นหรือหัวฉีดแบบต่อท่อยาว,app_recommendations_v3,2,act_pesticide_ref_high,2,2026-07-29.1,source_verified,ถ้าถังพ่นหนักเกินน้ำหนักที่แนะนำ ให้ใช้อุปกรณ์ล้อเข็นหรือหัวฉีดแบบต่อท่อยาว และหมุนเวียนงานกับเพื่อนทุก 30 นาที,"If the sprayer tank exceeds the recommended weight, use a wheeled aid or long-hose nozzle and rotate with a coworker every 30 minutes."
act_pesticide_ref_high.02,act_pesticide_ref_high,2,recommendation,riskReduction,pesticide,any,high,activity_and_overall_risk_match,หมุนเวียนงานกับเพื่อนทุก 30 นาที,app_recommendations_v3,2,act_pesticide_ref_high,2,2026-07-29.1,source_verified,,
act_pesticide_ref_low.01,act_pesticide_ref_low,1,recommendation,riskReduction,pesticide,any,low,activity_and_overall_risk_match,ปรับสายสะพายเครื่องพ่นให้พอดี,app_recommendations_v3,2,act_pesticide_ref_low,2,2026-07-29.1,source_verified,ปรับสายสะพายเครื่องพ่นให้พอดี ใช้หัวฉีดน้ำหนักเบา และพัก 5 นาทีทุกชั่วโมง,"Fit sprayer straps properly, use a lightweight nozzle, and rest 5 minutes every hour."
act_pesticide_ref_low.02,act_pesticide_ref_low,2,recommendation,riskReduction,pesticide,any,low,activity_and_overall_risk_match,ใช้หัวฉีดน้ำหนักเบา,app_recommendations_v3,2,act_pesticide_ref_low,2,2026-07-29.1,source_verified,,
act_pesticide_ref_low.03,act_pesticide_ref_low,3,recommendation,riskReduction,pesticide,any,low,activity_and_overall_risk_match,พัก 5 นาทีทุกชั่วโมง,app_recommendations_v3,2,act_pesticide_ref_low,2,2026-07-29.1,source_verified,,
act_pesticide_ref_medium.01,act_pesticide_ref_medium,1,recommendation,riskReduction,pesticide,any,medium,activity_and_overall_risk_match,ลดระยะเวลาพ่นต่อเนื่องไม่เกิน 1 ชั่วโมง แล้วพัก 15 นาที,app_recommendations_v3,2,act_pesticide_ref_medium,2,2026-07-29.1,source_verified,ลดระยะเวลาพ่นต่อเนื่องไม่เกิน 1 ชั่วโมง แล้วพัก 15 นาที สลับข้างที่ถือท่อพ่น และใส่รองเท้ากันลื่น,"Limit continuous spraying to 1 hour, rest 15 minutes, switch the hand/side holding the wand, and wear non-slip footwear."
act_pesticide_ref_medium.02,act_pesticide_ref_medium,2,recommendation,riskReduction,pesticide,any,medium,activity_and_overall_risk_match,สลับข้างที่ถือท่อพ่น และใส่รองเท้ากันลื่น,app_recommendations_v3,2,act_pesticide_ref_medium,2,2026-07-29.1,source_verified,,
act_pruning_ref_high.01,act_pruning_ref_high,1,recommendation,riskReduction,pruning,any,high,activity_and_overall_risk_match,เปลี่ยนมาใช้เครื่องตัดกิ่งแบบกลไกช่วย,app_recommendations_v3,2,act_pruning_ref_high,2,2026-07-29.1,source_verified,เปลี่ยนมาใช้เครื่องตัดกิ่งแบบกลไกช่วย ถ้าใช้กรรไกรต้องพัก 10 นาทีทุก 20 นาที ทำงานเป็นทีมเพื่อหมุนเวียน และหลีกเลี่ยงการตัดในท่าบิดตัว,"Use mechanical pruning tools when possible. If shears are used, rest 10 minutes every 20 minutes, rotate as a team, and avoid twisting while cutting."
act_pruning_ref_high.02,act_pruning_ref_high,2,recommendation,riskReduction,pruning,any,high,activity_and_overall_risk_match,ถ้าใช้กรรไกรต้องพัก 10 นาทีทุก 20 นาที,app_recommendations_v3,2,act_pruning_ref_high,2,2026-07-29.1,source_verified,,
act_pruning_ref_high.03,act_pruning_ref_high,3,recommendation,riskReduction,pruning,any,high,activity_and_overall_risk_match,ทำงานเป็นทีมเพื่อหมุนเวียน,app_recommendations_v3,2,act_pruning_ref_high,2,2026-07-29.1,source_verified,,
act_pruning_ref_high.04,act_pruning_ref_high,4,recommendation,riskReduction,pruning,any,high,activity_and_overall_risk_match,หลีกเลี่ยงการตัดในท่าบิดตัว,app_recommendations_v3,2,act_pruning_ref_high,2,2026-07-29.1,source_verified,,
act_pruning_ref_low.01,act_pruning_ref_low,1,recommendation,riskReduction,pruning,any,low,activity_and_overall_risk_match,ใช้กรรไกรคมและน้ำหนักเบา,app_recommendations_v3,2,act_pruning_ref_low,2,2026-07-29.1,source_verified,ใช้กรรไกรคมและน้ำหนักเบา สลับแขนทุก 10-15 นาที และอย่ายกแขนเหนือศีรษะนาน,"Use sharp lightweight shears, switch arms every 10-15 minutes, and avoid keeping arms above the head for long periods."
act_pruning_ref_low.02,act_pruning_ref_low,2,recommendation,riskReduction,pruning,any,low,activity_and_overall_risk_match,สลับแขนทุก 10-15 นาที และอย่ายกแขนเหนือศีรษะนาน,app_recommendations_v3,2,act_pruning_ref_low,2,2026-07-29.1,source_verified,,
act_pruning_ref_medium.01,act_pruning_ref_medium,1,recommendation,riskReduction,pruning,any,medium,activity_and_overall_risk_match,ใช้กรรไกรแบบก้านยาวเพื่อลดการเอื้อม,app_recommendations_v3,2,act_pruning_ref_medium,2,2026-07-29.1,source_verified,ใช้กรรไกรแบบก้านยาวเพื่อลดการเอื้อม ใช้บันไดสำหรับกิ่งสูง สลับแขน และพัก 5 นาทีทุก 30 นาที,"Use long-handled shears to reduce reaching, use a ladder for high branches, switch arms, and rest 5 minutes every 30 minutes."
act_pruning_ref_medium.02,act_pruning_ref_medium,2,recommendation,riskReduction,pruning,any,medium,activity_and_overall_risk_match,ใช้บันไดสำหรับกิ่งสูง,app_recommendations_v3,2,act_pruning_ref_medium,2,2026-07-29.1,source_verified,,
act_pruning_ref_medium.03,act_pruning_ref_medium,3,recommendation,riskReduction,pruning,any,medium,activity_and_overall_risk_match,สลับแขน,app_recommendations_v3,2,act_pruning_ref_medium,2,2026-07-29.1,source_verified,,
act_pruning_ref_medium.04,act_pruning_ref_medium,4,recommendation,riskReduction,pruning,any,medium,activity_and_overall_risk_match,พัก 5 นาทีทุก 30 นาที,app_recommendations_v3,2,act_pruning_ref_medium,2,2026-07-29.1,source_verified,,
act_reduce_arm_raise.01,act_reduce_arm_raise,1,recommendation,posture,any,any,any,selection_key_selected,ลดการยกแขนสูงเหนือไหล่เป็นเวลานาน,body_map_recommendations,4-5,Shoulder and arm,1,2026-07-29.1,source_verified,ลดการยกแขนสูงเหนือไหล่เป็นเวลานาน,Reduce prolonged arm raising
act_reduce_load_tool.01,act_reduce_load_tool,1,recommendation,workloadSupport,any,any,any,selection_key_selected,ลดน้ำหนักสิ่งของ หรือใช้เครื่องทุ่นแรง,body_map_recommendations,"4,8",Mechanical aids,1,2026-07-29.1,source_verified,ลดน้ำหนักสิ่งของ หรือใช้เครื่องทุ่นแรง,Reduce load or use assist tools
act_reduce_weight.01,act_reduce_weight,1,recommendation,posture,any,any,any,selection_key_selected,ลดน้ำหนักที่ยก,body_map_recommendations,7-8,Manual handling,1,2026-07-29.1,source_verified,ลดน้ำหนักที่ยก,Reduce load weight
act_ref_weight_high.01,act_ref_weight_high,1,recommendation,workloadSupport,any,manual,high,overall_risk_matches_and_manual_handling,ลดน้ำหนักที่ยกทันที: ชาย 20-45 ปี ไม่เกิน 13 กก.,app_recommendations_v3,1,act_ref_weight_high,2,2026-07-29.1,source_verified,ลดน้ำหนักที่ยกทันที: ชาย 20-45 ปี ไม่เกิน 13 กก.; ชายอายุต่ำกว่า 20 หรือมากกว่า 45 ปี ไม่เกิน 10 กก.; หญิง 20-45 ปี ไม่เกิน 10 กก.; หญิงอายุต่ำกว่า 20 หรือมากกว่า 45 ปี ไม่เกิน 8 กก. ถ้าเกินนี้ให้ใช้อุปกรณ์ช่วย,Reduce lifting weight immediately: men 20-45 years up to 13 kg; men under 20 or over 45 up to 10 kg; women 20-45 up to 10 kg; women under 20 or over 45 up to 8 kg. Use handling aids if heavier.
act_ref_weight_high.02,act_ref_weight_high,2,recommendation,workloadSupport,any,manual,high,overall_risk_matches_and_manual_handling,ชายอายุต่ำกว่า 20 หรือมากกว่า 45 ปี ไม่เกิน 10 กก.,app_recommendations_v3,1,act_ref_weight_high,2,2026-07-29.1,source_verified,,
act_ref_weight_high.03,act_ref_weight_high,3,recommendation,workloadSupport,any,manual,high,overall_risk_matches_and_manual_handling,หญิง 20-45 ปี ไม่เกิน 10 กก.,app_recommendations_v3,1,act_ref_weight_high,2,2026-07-29.1,source_verified,,
act_ref_weight_high.04,act_ref_weight_high,4,recommendation,workloadSupport,any,manual,high,overall_risk_matches_and_manual_handling,หญิงอายุต่ำกว่า 20 หรือมากกว่า 45 ปี ไม่เกิน 8 กก.,app_recommendations_v3,1,act_ref_weight_high,2,2026-07-29.1,source_verified,,
act_ref_weight_high.05,act_ref_weight_high,5,recommendation,workloadSupport,any,manual,high,overall_risk_matches_and_manual_handling,ถ้าเกินนี้ให้ใช้อุปกรณ์ช่วย,app_recommendations_v3,1,act_ref_weight_high,2,2026-07-29.1,source_verified,,
act_ref_weight_low.01,act_ref_weight_low,1,recommendation,workloadSupport,any,manual,low,overall_risk_matches_and_manual_handling,ตรวจสอบน้ำหนักที่ยก: ชาย 20-45 ปี ไม่เกิน 25 กก.,app_recommendations_v3,1,act_ref_weight_low,2,2026-07-29.1,source_verified,ตรวจสอบน้ำหนักที่ยก: ชาย 20-45 ปี ไม่เกิน 25 กก.; ชายอายุต่ำกว่า 20 หรือมากกว่า 45 ปี ไม่เกิน 20 กก.; หญิง 20-45 ปี ไม่เกิน 20 กก.; หญิงอายุต่ำกว่า 20 หรือมากกว่า 45 ปี ไม่เกิน 15 กก.,Check lifting weight: men 20-45 years up to 25 kg; men under 20 or over 45 up to 20 kg; women 20-45 up to 20 kg; women under 20 or over 45 up to 15 kg.
act_ref_weight_low.02,act_ref_weight_low,2,recommendation,workloadSupport,any,manual,low,overall_risk_matches_and_manual_handling,ชายอายุต่ำกว่า 20 หรือมากกว่า 45 ปี ไม่เกิน 20 กก.,app_recommendations_v3,1,act_ref_weight_low,2,2026-07-29.1,source_verified,,
act_ref_weight_low.03,act_ref_weight_low,3,recommendation,workloadSupport,any,manual,low,overall_risk_matches_and_manual_handling,หญิง 20-45 ปี ไม่เกิน 20 กก.,app_recommendations_v3,1,act_ref_weight_low,2,2026-07-29.1,source_verified,,
act_ref_weight_low.04,act_ref_weight_low,4,recommendation,workloadSupport,any,manual,low,overall_risk_matches_and_manual_handling,หญิงอายุต่ำกว่า 20 หรือมากกว่า 45 ปี ไม่เกิน 15 กก.,app_recommendations_v3,1,act_ref_weight_low,2,2026-07-29.1,source_verified,,
act_ref_weight_medium.01,act_ref_weight_medium,1,recommendation,workloadSupport,any,manual,medium,overall_risk_matches_and_manual_handling,ปรับน้ำหนักที่ยก: ชาย 20-45 ปี ไม่เกิน 18 กก.,app_recommendations_v3,1,act_ref_weight_medium,2,2026-07-29.1,source_verified,ปรับน้ำหนักที่ยก: ชาย 20-45 ปี ไม่เกิน 18 กก.; ชายอายุต่ำกว่า 20 หรือมากกว่า 45 ปี ไม่เกิน 15 กก.; หญิง 20-45 ปี ไม่เกิน 15 กก.; หญิงอายุต่ำกว่า 20 หรือมากกว่า 45 ปี ไม่เกิน 11 กก.,Reduce lifting weight: men 20-45 years up to 18 kg; men under 20 or over 45 up to 15 kg; women 20-45 up to 15 kg; women under 20 or over 45 up to 11 kg.
act_ref_weight_medium.02,act_ref_weight_medium,2,recommendation,workloadSupport,any,manual,medium,overall_risk_matches_and_manual_handling,ชายอายุต่ำกว่า 20 หรือมากกว่า 45 ปี ไม่เกิน 15 กก.,app_recommendations_v3,1,act_ref_weight_medium,2,2026-07-29.1,source_verified,,
act_ref_weight_medium.03,act_ref_weight_medium,3,recommendation,workloadSupport,any,manual,medium,overall_risk_matches_and_manual_handling,หญิง 20-45 ปี ไม่เกิน 15 กก.,app_recommendations_v3,1,act_ref_weight_medium,2,2026-07-29.1,source_verified,,
act_ref_weight_medium.04,act_ref_weight_medium,4,recommendation,workloadSupport,any,manual,medium,overall_risk_matches_and_manual_handling,หญิงอายุต่ำกว่า 20 หรือมากกว่า 45 ปี ไม่เกิน 11 กก.,app_recommendations_v3,1,act_ref_weight_medium,2,2026-07-29.1,source_verified,,
act_rest_stretch.01,act_rest_stretch,1,recommendation,restRotation,any,any,any,selection_key_selected,ควรพักเบรกเพื่อยืดเหยียดกล้ามเนื้อ,ilo_ergonomic_checkpoints_agriculture,243,Checkpoint 99,3,2026-07-29.1,source_verified,ควรพักเบรกเพื่อยืดเหยียดกล้ามเนื้อ,Take breaks to stretch muscles
act_spray_extension.01,act_spray_extension,1,recommendation,posture,any,any,any,selection_key_selected,ใช้ด้ามต่อหัวพ่น เพื่อลดการยกแขนสูงหรือเอื้อมไกล,app_recommendations_v3,2,Pesticide spraying,2,2026-07-29.1,source_verified,ใช้ด้ามต่อหัวพ่น เพื่อลดการยกแขนสูงหรือเอื้อมไกล,Use an extension wand so the arm does not stay raised or overreached
act_transplant_low_stool.01,act_transplant_low_stool,1,recommendation,workloadSupport,any,any,any,selection_key_selected,ใช้เก้าอี้เตี้ยหรือเบาะรองเข่า แทนการนั่งยองนาน ๆ,app_recommendations_v3,1,Transplanting,2,2026-07-29.1,source_verified,ใช้เก้าอี้เตี้ยหรือเบาะรองเข่า แทนการนั่งยองนาน ๆ,Use a low stool or knee pad instead of squatting for long periods
act_transplant_raise_bed.01,act_transplant_raise_bed,1,recommendation,posture,any,any,any,selection_key_selected,ยกถาดกล้าหรือพื้นที่ทำงานให้สูงขึ้น เพื่อลดการก้มหลังลึก,app_recommendations_v3,1,Transplanting,2,2026-07-29.1,source_verified,ยกถาดกล้าหรือพื้นที่ทำงานให้สูงขึ้น เพื่อลดการก้มหลังลึก,Raise seedling trays or work height to reduce deep bending
act_transplant_ref_high.01,act_transplant_ref_high,1,recommendation,riskReduction,transplanting,any,high,activity_and_overall_risk_match,ปรับปรุงทันที:,app_recommendations_v3,1,act_transplant_ref_high,2,2026-07-29.1,source_verified,ปรับปรุงทันที: ยกแปลงเพาะชำให้สูงระดับเอว ใช้อุปกรณ์นั่งยองหรือเก้าอี้เตี้ย และพักทุก 15-20 นาที,"Improve immediately: raise the seedling bed to waist level, use a low stool or squatting support, and rest every 15-20 minutes."
act_transplant_ref_high.02,act_transplant_ref_high,2,recommendation,riskReduction,transplanting,any,high,activity_and_overall_risk_match,ยกแปลงเพาะชำให้สูงระดับเอว,app_recommendations_v3,1,act_transplant_ref_high,2,2026-07-29.1,source_verified,,
act_transplant_ref_high.03,act_transplant_ref_high,3,recommendation,riskReduction,transplanting,any,high,activity_and_overall_risk_match,ใช้อุปกรณ์นั่งยองหรือเก้าอี้เตี้ย,app_recommendations_v3,1,act_transplant_ref_high,2,2026-07-29.1,source_verified,,
act_transplant_ref_high.04,act_transplant_ref_high,4,recommendation,riskReduction,transplanting,any,high,activity_and_overall_risk_match,พักทุก 15-20 นาที,app_recommendations_v3,1,act_transplant_ref_high,2,2026-07-29.1,source_verified,,
act_transplant_ref_low.01,act_transplant_ref_low,1,recommendation,riskReduction,transplanting,any,low,activity_and_overall_risk_match,ท่าทางดีอยู่แล้ว ควรสลับยืนกับนั่งยองทุก 20 นาที,app_recommendations_v3,1,act_transplant_ref_low,2,2026-07-29.1,source_verified,ท่าทางดีอยู่แล้ว ควรสลับยืนกับนั่งยองทุก 20 นาที และตรวจสอบความสูงของแปลงเพาะชำให้พอดีกับเอว,Posture is acceptable. Alternate standing and squatting every 20 minutes and check seedling-bed height near waist level.
act_transplant_ref_low.02,act_transplant_ref_low,2,recommendation,riskReduction,transplanting,any,low,activity_and_overall_risk_match,ตรวจสอบความสูงของแปลงเพาะชำให้พอดีกับเอว,app_recommendations_v3,1,act_transplant_ref_low,2,2026-07-29.1,source_verified,,
act_transplant_ref_medium.01,act_transplant_ref_medium,1,recommendation,riskReduction,transplanting,any,medium,activity_and_overall_risk_match,ลดการก้มโดยยกแปลงเพาะชำให้สูงขึ้น,app_recommendations_v3,1,act_transplant_ref_medium,2,2026-07-29.1,source_verified,ลดการก้มโดยยกแปลงเพาะชำให้สูงขึ้น ใช้เบาะรองนั่งยองหรือเก้าอี้เตี้ย สลับท่าทุก 15 นาที และฝึกยกต้นกล้าโดยใช้ขา,"Raise the seedling bed to reduce bending, use a squat cushion or low stool, change posture every 15 minutes, and lift seedlings with the legs."
act_transplant_ref_medium.02,act_transplant_ref_medium,2,recommendation,riskReduction,transplanting,any,medium,activity_and_overall_risk_match,ใช้เบาะรองนั่งยองหรือเก้าอี้เตี้ย,app_recommendations_v3,1,act_transplant_ref_medium,2,2026-07-29.1,source_verified,,
act_transplant_ref_medium.03,act_transplant_ref_medium,3,recommendation,riskReduction,transplanting,any,medium,activity_and_overall_risk_match,สลับท่าทุก 15 นาที และฝึกยกต้นกล้าโดยใช้ขา,app_recommendations_v3,1,act_transplant_ref_medium,2,2026-07-29.1,source_verified,,
act_transport_clear_path.01,act_transport_clear_path,1,recommendation,posture,any,any,any,selection_key_selected,จัดทางเดินให้เรียบและไม่มีสิ่งกีดขวางก่อนขนย้าย,ilo_ergonomic_checkpoints_agriculture,29,Checkpoint 1,3,2026-07-29.1,source_verified,จัดทางเดินให้เรียบและไม่มีสิ่งกีดขวางก่อนขนย้าย,Clear the path and keep the walking surface even before transport
act_transport_ref_high.01,act_transport_ref_high,1,recommendation,riskReduction,transport,any,high,activity_and_overall_risk_match,ลดน้ำหนักกระสอบ,app_recommendations_v3,3,act_transport_ref_high,2,2026-07-29.1,source_verified,ลดน้ำหนักกระสอบ ใช้เกวียนหรือรถเข็นล้อใหญ่ ปูพื้นกันลื่น จัดพัก 10-15 นาทีทุก 30 นาที และฝึกเทคนิคการยกที่ถูกต้องร่วมกับเพื่อน,"Reduce sack weight, use a wagon or large-wheel cart, add non-slip flooring, rest 10-15 minutes every 30 minutes, and practice team lifting technique."
act_transport_ref_high.02,act_transport_ref_high,2,recommendation,riskReduction,transport,any,high,activity_and_overall_risk_match,ใช้เกวียนหรือรถเข็นล้อใหญ่ ปูพื้นกันลื่น,app_recommendations_v3,3,act_transport_ref_high,2,2026-07-29.1,source_verified,,
act_transport_ref_high.03,act_transport_ref_high,3,recommendation,riskReduction,transport,any,high,activity_and_overall_risk_match,จัดพัก 10-15 นาทีทุก 30 นาที และฝึกเทคนิคการยกที่ถูกต้องร่วมกับเพื่อน,app_recommendations_v3,3,act_transport_ref_high,2,2026-07-29.1,source_verified,,
act_transport_ref_low.01,act_transport_ref_low,1,recommendation,riskReduction,transport,any,low,activity_and_overall_risk_match,ใช้รถเข็นทุกครั้ง,app_recommendations_v3,3,act_transport_ref_low,2,2026-07-29.1,source_verified,ใช้รถเข็นทุกครั้ง ยกของโดยงอเข่า หลังตรง ไม่บิดตัว และสวมรองเท้ากันลื่น,"Use a cart every time, lift by bending the knees with a straight back, avoid twisting, and wear non-slip footwear."
act_transport_ref_low.02,act_transport_ref_low,2,recommendation,riskReduction,transport,any,low,activity_and_overall_risk_match,ยกของโดยงอเข่า หลังตรง ไม่บิดตัว และสวมรองเท้ากันลื่น,app_recommendations_v3,3,act_transport_ref_low,2,2026-07-29.1,source_verified,,
act_transport_ref_medium.01,act_transport_ref_medium,1,recommendation,riskReduction,transport,any,medium,activity_and_overall_risk_match,ลดน้ำหนักกระสอบ,app_recommendations_v3,3,act_transport_ref_medium,2,2026-07-29.1,source_verified,ลดน้ำหนักกระสอบ ใช้รถเข็น ปรับปรุงทางเดิน และเปลี่ยนทิศทางโดยหมุนเท้าแทนการบิดเอว,"Reduce sack weight, use a cart, improve the path, and turn with the feet instead of twisting the waist."
act_transport_ref_medium.02,act_transport_ref_medium,2,recommendation,riskReduction,transport,any,medium,activity_and_overall_risk_match,ใช้รถเข็น,app_recommendations_v3,3,act_transport_ref_medium,2,2026-07-29.1,source_verified,,
act_transport_ref_medium.03,act_transport_ref_medium,3,recommendation,riskReduction,transport,any,medium,activity_and_overall_risk_match,ปรับปรุงทางเดิน,app_recommendations_v3,3,act_transport_ref_medium,2,2026-07-29.1,source_verified,,
act_transport_ref_medium.04,act_transport_ref_medium,4,recommendation,riskReduction,transport,any,medium,activity_and_overall_risk_match,เปลี่ยนทิศทางโดยหมุนเท้าแทนการบิดเอว,app_recommendations_v3,3,act_transport_ref_medium,2,2026-07-29.1,source_verified,,
act_transport_two_person.01,act_transport_two_person,1,recommendation,posture,any,any,any,selection_key_selected,ให้คนช่วยยกเมื่อผลผลิตหนักเกินไป,body_map_recommendations,8,Manual handling,1,2026-07-29.1,source_verified,ให้คนช่วยยกเมื่อผลผลิตหนักเกินไป,Ask another person to help lift heavy produce when needed
act_use_cart_distance.01,act_use_cart_distance,1,recommendation,workloadSupport,any,any,any,selection_key_selected,ใช้รถเข็นหรืออุปกรณ์ช่วยขนย้ายเมื่อต้องขนไกล,body_map_recommendations,"3,8",Cart distance,1,2026-07-29.1,source_verified,ใช้รถเข็นหรืออุปกรณ์ช่วยขนย้ายเมื่อต้องขนไกล,Use a cart or handling aid for long distance transport
act_use_legs.01,act_use_legs,1,recommendation,posture,any,any,any,selection_key_selected,ใช้แรงจากขาในการออกแรง ไม่ใช่หลัง,app_recommendations_v3,"1,3",Lifting posture,2,2026-07-29.1,source_verified,ใช้แรงจากขาในการออกแรง ไม่ใช่หลัง,"Use leg muscles, not back"
ui.recommendations.heading,ui.recommendations.heading,1,ui_copy,interface,any,any,any,feature_surface_visible,คำแนะนำตามกิจกรรมและความเสี่ยง,current_app_recommendation_copy,,Existing recommendation UI or migration message,90,2026-07-29.1,source_verified,,
ui.recommendations.instruction,ui.recommendations.instruction,1,ui_copy,interface,any,any,any,feature_surface_visible,เริ่มจากข้อที่ทำได้จริงในงานนี้ แล้วติดตามคะแนนครั้งถัดไป,current_app_recommendation_copy,,Existing recommendation UI or migration message,90,2026-07-29.1,source_verified,,
ui.category.posture,ui.category.posture,1,ui_copy,interface,any,any,any,feature_surface_visible,ท่าทางที่ควรปรับ,current_app_recommendation_copy,,Existing recommendation UI or migration message,90,2026-07-29.1,source_verified,,
ui.category.risk_reduction,ui.category.risk_reduction,1,ui_copy,interface,any,any,any,feature_surface_visible,วิธีลดความเสี่ยง,current_app_recommendation_copy,,Existing recommendation UI or migration message,90,2026-07-29.1,source_verified,,
ui.category.rest_rotation,ui.category.rest_rotation,1,ui_copy,interface,any,any,any,feature_surface_visible,การพักหรือสลับงาน,current_app_recommendation_copy,,Existing recommendation UI or migration message,90,2026-07-29.1,source_verified,,
ui.category.workload_support,ui.category.workload_support,1,ui_copy,interface,any,any,any,feature_surface_visible,อุปกรณ์ช่วยลดภาระงาน,current_app_recommendation_copy,,Existing recommendation UI or migration message,90,2026-07-29.1,source_verified,,
ui.recommendations.empty,ui.recommendations.empty,1,ui_copy,interface,any,any,any,feature_surface_visible,ไม่มีคำแนะนำเพิ่มเติม,current_app_recommendation_copy,,Existing recommendation UI or migration message,90,2026-07-29.1,source_verified,,
ui.recommendations.full,ui.recommendations.full,1,ui_copy,interface,any,any,any,feature_surface_visible,คำแนะนำฉบับเต็ม,current_app_recommendation_copy,,Existing recommendation UI or migration message,90,2026-07-29.1,source_verified,,
report.selected_recommendations,report.selected_recommendations,1,ui_copy,interface,any,any,any,feature_surface_visible,คำแนะนำที่เลือก,current_app_recommendation_copy,,Existing recommendation UI or migration message,90,2026-07-29.1,source_verified,,
system.unmapped_saved_recommendation,system.unmapped_saved_recommendation,1,system_message,interface,any,any,any,feature_surface_visible,ไม่สามารถจับคู่คำแนะนำเดิมกับรายการปัจจุบันได้,current_app_recommendation_copy,,Existing recommendation UI or migration message,90,2026-07-29.1,source_verified,,
