recommendation_id,selection_key,record_type,thai_source_text,english_draft,translation_style,numbers_match,units_match,timing_match,urgency_match,negation_match,meaning_review,review_comment,approval_status,approved_by,approved_at,translation_version,source_id,source_page
act_adj_eye_level.01,act_adj_eye_level,recommendation,ปรับงานให้อยู่ระดับสายตา,Adjust the work to eye level.,direct,pass,not_applicable,pending_human_review,pending_human_review,pending_human_review,pending_human_review,,pending,,,1,body_map_recommendations,1-2
act_adj_eye_level.02,act_adj_eye_level,recommendation,ลดการก้มคอ,Reduce neck bending.,direct,pass,not_applicable,pending_human_review,pending_human_review,pending_human_review,pending_human_review,,pending,,,1,body_map_recommendations,1-2
act_adj_wrist.01,act_adj_wrist,recommendation,ปรับด้ามจับเครื่องมือให้ข้อมืออยู่ในแนวตรง,Keep the wrist in a neutral position.,direct,pass,not_applicable,pending_human_review,pending_human_review,pending_human_review,pending_human_review,,pending,,,1,body_map_recommendations,5-6
act_avoid_bend.01,act_avoid_bend,recommendation,ลดการก้มโดยยกพื้นที่ทำงานให้สูงขึ้น,Reduce bending by raising the work area.,direct,pass,not_applicable,pending_human_review,pending_human_review,pending_human_review,pending_human_review,,pending,,,1,body_map_recommendations,2-3
act_avoid_twist.01,act_avoid_twist,recommendation,หลีกเลี่ยงการบิดลำตัวหรือเอียงตัวขณะทำงาน,Avoid twisting or side bending while working.,direct,pass,not_applicable,pending_human_review,pending_human_review,pending_human_review,pending_human_review,,pending,,,1,body_map_recommendations,2-3
act_body_arms_high.01,act_body_arms_high,recommendation,ไม่ยกแขนเหนือไหล่ต่อเนื่องเกิน 2 นาที,Do not keep arms above shoulder level for more than 2 minutes.,direct,pass,pass,pending_human_review,pending_human_review,pending_human_review,pending_human_review,,pending,,,1,body_map_recommendations,4
act_body_arms_high.02,act_body_arms_high,recommendation,พักแขน 3-5 นาทีทุก 15-20 นาที,Rest 3-5 minutes every 15-20 minutes.,direct,pass,pass,pending_human_review,pending_human_review,pending_human_review,pending_human_review,,pending,,,1,body_map_recommendations,4
act_body_arms_high.03,act_body_arms_high,recommendation,ใช้เครื่องมือด้ามยาวหรือแท่นยืนที่มั่นคง,Use long-handled tools or a stable platform.,direct,pass,not_applicable,pending_human_review,pending_human_review,pending_human_review,pending_human_review,,pending,,,1,body_map_recommendations,4
act_body_arms_medium.01,act_body_arms_medium,recommendation,จัดวัสดุให้อยู่ในระยะเอื้อมไม่เกิน 40 ซม.,Keep materials within 40 cm of the body.,direct,pass,pass,pending_human_review,pending_human_review,pending_human_review,pending_human_review,,pending,,,1,body_map_recommendations,4
act_body_arms_medium.02,act_body_arms_medium,recommendation,วางอุปกรณ์เมื่อไม่ใช้,Put tools down when they are not in use.,direct,pass,not_applicable,pending_human_review,pending_human_review,pending_human_review,pending_human_review,,pending,,,1,body_map_recommendations,4
act_body_arms_medium.03,act_body_arms_medium,recommendation,พักไหล่ทุก 30 นาที และให้งานอยู่ต่ำกว่าระดับไหล่,Rest the shoulders every 30 minutes and keep the work below shoulder height.,direct,pass,pass,pending_human_review,pending_human_review,pending_human_review,pending_human_review,,pending,,,1,body_map_recommendations,4
act_body_arms_very_high.01,act_body_arms_very_high,recommendation,จำกัดงานเหนือศีรษะเป็นรอบสั้น,Limit overhead work to short rounds.,direct,pass,not_applicable,pending_human_review,pending_human_review,pending_human_review,pending_human_review,,pending,,,1,body_map_recommendations,4-5
act_body_arms_very_high.02,act_body_arms_very_high,recommendation,ใช้เครื่องมือด้ามยาวที่น้ำหนักเบา,Use lighter long-handled tools.,direct,pass,not_applicable,pending_human_review,pending_human_review,pending_human_review,pending_human_review,,pending,,,1,body_map_recommendations,4-5
act_body_arms_very_high.03,act_body_arms_very_high,recommendation,สลับไปทำงานที่ใช้แขนต่ำกว่าระดับไหล่,Rotate to work below shoulder level.,direct,pass,not_applicable,pending_human_review,pending_human_review,pending_human_review,pending_human_review,,pending,,,1,body_map_recommendations,4-5
act_body_legs_high.01,act_body_legs_high,recommendation,ไม่นั่งยองหรือคุกเข่าต่อเนื่องเกิน 15 นาที,Do not squat or kneel continuously for more than 15 minutes.,direct,pass,pass,pending_human_review,pending_human_review,pending_human_review,pending_human_review,,pending,,,1,body_map_recommendations,6-7
act_body_legs_high.02,act_body_legs_high,recommendation,ลุกเดิน 3-5 นาทีทุก 15 นาที,Walk 3-5 minutes every 15 minutes.,direct,pass,pass,pending_human_review,pending_human_review,pending_human_review,pending_human_review,,pending,,,1,body_map_recommendations,6-7
act_body_legs_high.03,act_body_legs_high,recommendation,ใช้เก้าอี้เตี้ยหรือแผ่นรองเข่า,Use a low stool or knee pad.,direct,pass,not_applicable,pending_human_review,pending_human_review,pending_human_review,pending_human_review,,pending,,,1,body_map_recommendations,6-7
act_body_legs_medium.01,act_body_legs_medium,recommendation,ลุกยืนหรือเดินทุก 20 นาที,Stand up or walk every 20 minutes.,direct,pass,pass,pending_human_review,pending_human_review,pending_human_review,pending_human_review,,pending,,,1,body_map_recommendations,6
act_body_legs_medium.02,act_body_legs_medium,recommendation,ใช้เบาะรองนั่งหรือแผ่นรองเข่า,Use a squatting cushion or knee pad.,direct,pass,not_applicable,pending_human_review,pending_human_review,pending_human_review,pending_human_review,,pending,,,1,body_map_recommendations,6
act_body_legs_medium.03,act_body_legs_medium,recommendation,สลับระหว่างนั่ง ยืน และเดิน,"Alternate between sitting, standing, and walking.",direct,pass,not_applicable,pending_human_review,pending_human_review,pending_human_review,pending_human_review,,pending,,,1,body_map_recommendations,6
act_body_legs_very_high.01,act_body_legs_very_high,recommendation,หลีกเลี่ยงการนั่งยองหรือคุกเข่าเกิน 10 นาที,Avoid squatting or kneeling for more than 10 minutes.,direct,pass,pass,pending_human_review,pending_human_review,pending_human_review,pending_human_review,,pending,,,1,body_map_recommendations,7
act_body_legs_very_high.02,act_body_legs_very_high,recommendation,พักทุก 10-15 นาที,Rest every 10-15 minutes.,direct,pass,pass,pending_human_review,pending_human_review,pending_human_review,pending_human_review,,pending,,,1,body_map_recommendations,7
act_body_legs_very_high.03,act_body_legs_very_high,recommendation,ใช้อุปกรณ์ช่วยทำงานระดับพื้น,Use floor-work aids.,direct,pass,not_applicable,pending_human_review,pending_human_review,pending_human_review,pending_human_review,,pending,,,1,body_map_recommendations,7
act_body_legs_very_high.04,act_body_legs_very_high,recommendation,ลดเวลาทำงานใกล้พื้น,Reduce time working near the ground.,direct,pass,not_applicable,pending_human_review,pending_human_review,pending_human_review,pending_human_review,,pending,,,1,body_map_recommendations,7
act_body_manual_high.01,act_body_manual_high,recommendation,แบ่งน้ำหนักต่อครั้งไม่เกิน 10 กก.,Limit each load to no more than 10 kg.,direct,pass,pass,pending_human_review,pending_human_review,pending_human_review,pending_human_review,,pending,,,1,body_map_recommendations,7-8
act_body_manual_high.02,act_body_manual_high,recommendation,ใช้รถเข็นเมื่อขนไกลกว่า 10 เมตร ให้ 2 คนช่วยยกเมื่อหนักเกิน 20 กก.,"Use a cart for distances over 10 m, and use 2-person lifting for loads over 20 kg.",direct,pass,pass,pending_human_review,pending_human_review,pending_human_review,pending_human_review,,pending,,,1,body_map_recommendations,7-8
act_body_manual_high.03,act_body_manual_high,recommendation,หลีกเลี่ยงการบิดตัวขณะยก,Avoid twisting while lifting.,direct,pass,not_applicable,pending_human_review,pending_human_review,pending_human_review,pending_human_review,,pending,,,1,body_map_recommendations,7-8
act_body_manual_medium.01,act_body_manual_medium,recommendation,แบ่งถุงหรือภาชนะให้หนักไม่เกิน 15 กก.,Divide materials into bags or containers weighing no more than 15 kg each.,direct,pass,pass,pending_human_review,pending_human_review,pending_human_review,pending_human_review,,pending,,,1,body_map_recommendations,7
act_body_manual_medium.02,act_body_manual_medium,recommendation,ถือของให้ชิดลำตัว,Keep the load close to the body.,direct,pass,not_applicable,pending_human_review,pending_human_review,pending_human_review,pending_human_review,,pending,,,1,body_map_recommendations,7
act_body_manual_medium.03,act_body_manual_medium,recommendation,ใช้สองมือช่วยยก,Lift with both hands.,direct,pass,not_applicable,pending_human_review,pending_human_review,pending_human_review,pending_human_review,,pending,,,1,body_map_recommendations,7
act_body_manual_medium.04,act_body_manual_medium,recommendation,หลีกเลี่ยงการยกเหนือระดับไหล่,Avoid lifting above shoulder height.,direct,pass,not_applicable,pending_human_review,pending_human_review,pending_human_review,pending_human_review,,pending,,,1,body_map_recommendations,7
act_body_manual_very_high.01,act_body_manual_very_high,recommendation,ใช้รถเข็น รถลาก หรืออุปกรณ์ช่วยยก,"Use a cart, trolley, or lifting aid.",direct,pass,not_applicable,pending_human_review,pending_human_review,pending_human_review,pending_human_review,,pending,,,1,body_map_recommendations,8
act_body_manual_very_high.02,act_body_manual_very_high,recommendation,หลีกเลี่ยงการยกเกิน 20 กก. คนเดียว,Avoid lifting more than 20 kg alone.,direct,pass,pass,pending_human_review,pending_human_review,pending_human_review,pending_human_review,,pending,,,1,body_map_recommendations,8
act_body_manual_very_high.03,act_body_manual_very_high,recommendation,ถ้าหนัก 20-25 กก. ให้ช่วยกันยก,Use at least two people to lift loads of 20-25 kg.,direct,pass,pass,pending_human_review,pending_human_review,pending_human_review,pending_human_review,,pending,,,1,body_map_recommendations,8
act_body_manual_very_high.04,act_body_manual_very_high,recommendation,ถ้าเกิน 25 กก. ให้ใช้อุปกรณ์ช่วย,Use lifting equipment for loads over 25 kg.,direct,pass,pass,pending_human_review,pending_human_review,pending_human_review,pending_human_review,,pending,,,1,body_map_recommendations,8
act_body_neck_high.01,act_body_neck_high,recommendation,ปรับพื้นที่ทำงานให้สูงขึ้น ยืดเหยียดคอทุก 15-20 นาที,Raise the work area and stretch the neck every 15-20 minutes.,direct,pass,pass,pending_human_review,pending_human_review,pending_human_review,pending_human_review,,pending,,,1,body_map_recommendations,2
act_body_neck_high.02,act_body_neck_high,recommendation,ใช้อุปกรณ์ช่วยหยิบจับ,Use a reaching aid.,direct,pass,not_applicable,pending_human_review,pending_human_review,pending_human_review,pending_human_review,,pending,,,1,body_map_recommendations,2
act_body_neck_high.03,act_body_neck_high,recommendation,หลีกเลี่ยงการบิดหรือเอียงคอ,Avoid twisting or tilting the neck.,direct,pass,not_applicable,pending_human_review,pending_human_review,pending_human_review,pending_human_review,,pending,,,1,body_map_recommendations,2
act_body_neck_medium.01,act_body_neck_medium,recommendation,ยกถาดหรือวัสดุให้อยู่ระดับเอว,Raise trays or materials to waist height.,direct,pass,not_applicable,pending_human_review,pending_human_review,pending_human_review,pending_human_review,,pending,,,1,body_map_recommendations,1
act_body_neck_medium.02,act_body_neck_medium,recommendation,เปลี่ยนท่าคอทุก 30 นาที,Change neck posture every 30 minutes.,direct,pass,pass,pending_human_review,pending_human_review,pending_human_review,pending_human_review,,pending,,,1,body_map_recommendations,1
act_body_neck_medium.03,act_body_neck_medium,recommendation,หลีกเลี่ยงการก้มมองพื้นต่อเนื่อง,Avoid looking down continuously.,direct,pass,not_applicable,pending_human_review,pending_human_review,pending_human_review,pending_human_review,,pending,,,1,body_map_recommendations,1
act_body_neck_very_high.01,act_body_neck_very_high,recommendation,ปรับวิธีทำงานทันที,Change the work method immediately.,direct,pass,not_applicable,pending_human_review,pending_human_review,pending_human_review,pending_human_review,,pending,,,1,body_map_recommendations,2
act_body_neck_very_high.02,act_body_neck_very_high,recommendation,ยกวัสดุขึ้นระดับเอว,Raise materials to waist height.,direct,pass,not_applicable,pending_human_review,pending_human_review,pending_human_review,pending_human_review,,pending,,,1,body_map_recommendations,2
act_body_neck_very_high.03,act_body_neck_very_high,recommendation,ใช้เครื่องมือด้ามยาว,Use long-handled tools.,direct,pass,not_applicable,pending_human_review,pending_human_review,pending_human_review,pending_human_review,,pending,,,1,body_map_recommendations,2
act_body_neck_very_high.04,act_body_neck_very_high,recommendation,เปลี่ยนอิริยาบถทุก 10-15 นาที,Change posture every 10-15 minutes.,direct,pass,pass,pending_human_review,pending_human_review,pending_human_review,pending_human_review,,pending,,,1,body_map_recommendations,2
act_body_trunk_high.01,act_body_trunk_high,recommendation,หลีกเลี่ยงการก้มต่อเนื่องเกิน 10-15 นาที ยืดเหยียดทุก 15 นาที,Avoid continuous bending for more than 10-15 minutes and stretch every 15 minutes.,direct,pass,pass,pending_human_review,pending_human_review,pending_human_review,pending_human_review,,pending,,,1,body_map_recommendations,3
act_body_trunk_high.02,act_body_trunk_high,recommendation,หันหน้าเข้าหาวัสดุก่อนยก,Face the material before lifting.,direct,pass,not_applicable,pending_human_review,pending_human_review,pending_human_review,pending_human_review,,pending,,,1,body_map_recommendations,3
act_body_trunk_high.03,act_body_trunk_high,recommendation,หมุนเท้าแทนการบิดเอว,Turn with the feet instead of twisting the waist.,direct,pass,not_applicable,pending_human_review,pending_human_review,pending_human_review,pending_human_review,,pending,,,1,body_map_recommendations,3
act_body_trunk_medium.01,act_body_trunk_medium,recommendation,วางวัสดุให้อยู่ใกล้ตัวไม่เกิน 40 ซม.,Keep materials within 40 cm.,direct,pass,pass,pending_human_review,pending_human_review,pending_human_review,pending_human_review,,pending,,,1,body_map_recommendations,3
act_body_trunk_medium.02,act_body_trunk_medium,recommendation,ยกงานจากพื้น 50-70 ซม.,Raise work from the ground by 50-70 cm.,direct,pass,pass,pending_human_review,pending_human_review,pending_human_review,pending_human_review,,pending,,,1,body_map_recommendations,3
act_body_trunk_medium.03,act_body_trunk_medium,recommendation,ลุกเปลี่ยนท่าทุก 20-30 นาที,Stand up to change posture every 20-30 minutes.,direct,pass,pass,pending_human_review,pending_human_review,pending_human_review,pending_human_review,,pending,,,1,body_map_recommendations,3
act_body_trunk_very_high.01,act_body_trunk_very_high,recommendation,ใช้รถเข็นหรืออุปกรณ์ช่วยยก,Use carts or lifting aids.,direct,pass,not_applicable,pending_human_review,pending_human_review,pending_human_review,pending_human_review,,pending,,,1,body_map_recommendations,3-4
act_body_trunk_very_high.02,act_body_trunk_very_high,recommendation,หลีกเลี่ยงการยกเกิน 20 กก. คนเดียว,Avoid lifting more than 20 kg alone.,direct,pass,pass,pending_human_review,pending_human_review,pending_human_review,pending_human_review,,pending,,,1,body_map_recommendations,3-4
act_body_trunk_very_high.03,act_body_trunk_very_high,recommendation,ปรับงานให้อยู่ระดับเข่าถึงเอว,Raise the work area to knee-to-waist height.,direct,pass,not_applicable,pending_human_review,pending_human_review,pending_human_review,pending_human_review,,pending,,,1,body_map_recommendations,3-4
act_body_trunk_very_high.04,act_body_trunk_very_high,recommendation,ลดการขนย้ายที่ไม่จำเป็น,Reduce unnecessary carries.,direct,pass,not_applicable,pending_human_review,pending_human_review,pending_human_review,pending_human_review,,pending,,,1,body_map_recommendations,3-4
act_body_wrists_high.01,act_body_wrists_high,recommendation,พักมือและข้อมือทุก 15-20 นาที,Rest the hands and wrists every 15-20 minutes.,direct,pass,pass,pending_human_review,pending_human_review,pending_human_review,pending_human_review,,pending,,,1,body_map_recommendations,5-6
act_body_wrists_high.02,act_body_wrists_high,recommendation,สลับงานทุก 20-30 นาที,Rotate tasks every 20-30 minutes.,direct,pass,pass,pending_human_review,pending_human_review,pending_human_review,pending_human_review,,pending,,,1,body_map_recommendations,5-6
act_body_wrists_high.03,act_body_wrists_high,recommendation,ใช้ด้ามจับที่เหมาะสม,Use suitable handles.,direct,pass,not_applicable,pending_human_review,pending_human_review,pending_human_review,pending_human_review,,pending,,,1,body_map_recommendations,5-6
act_body_wrists_high.04,act_body_wrists_high,recommendation,ลดแรงกำขณะจับอุปกรณ์,Reduce gripping force when holding equipment.,direct,pass,not_applicable,pending_human_review,pending_human_review,pending_human_review,pending_human_review,,pending,,,1,body_map_recommendations,5-6
act_body_wrists_medium.01,act_body_wrists_medium,recommendation,ใช้ด้ามจับที่พอดีมือ,Use handles that fit the hand.,direct,pass,not_applicable,pending_human_review,pending_human_review,pending_human_review,pending_human_review,,pending,,,1,body_map_recommendations,5
act_body_wrists_medium.02,act_body_wrists_medium,recommendation,คลายมือเป็นระยะ,Relax the grip regularly.,direct,pass,not_applicable,pending_human_review,pending_human_review,pending_human_review,pending_human_review,,pending,,,1,body_map_recommendations,5
act_body_wrists_medium.03,act_body_wrists_medium,recommendation,พักข้อมือทุก 30 นาที และยืดเหยียดนิ้วมือกับข้อมือระหว่างพัก,Rest the wrists every 30 minutes and stretch the fingers and wrists during breaks.,direct,pass,pass,pending_human_review,pending_human_review,pending_human_review,pending_human_review,,pending,,,1,body_map_recommendations,5
act_body_wrists_very_high.01,act_body_wrists_very_high,recommendation,พักข้อมือ 3-5 นาทีทุก 15 นาที,Rest wrists 3-5 minutes every 15 minutes.,direct,pass,pass,pending_human_review,pending_human_review,pending_human_review,pending_human_review,,pending,,,1,body_map_recommendations,6
act_body_wrists_very_high.02,act_body_wrists_very_high,recommendation,เปลี่ยนเครื่องมือให้พอดีกับมือ,Change to better-fitting tools.,direct,pass,not_applicable,pending_human_review,pending_human_review,pending_human_review,pending_human_review,,pending,,,1,body_map_recommendations,6
act_body_wrists_very_high.03,act_body_wrists_very_high,recommendation,ใช้อุปกรณ์ช่วยลดแรงกำหรือแรงบีบที่ไม่จำเป็น,Use aids that reduce unnecessary gripping or squeezing force.,direct,pass,not_applicable,pending_human_review,pending_human_review,pending_human_review,pending_human_review,,pending,,,1,body_map_recommendations,6
act_check_wheels.01,act_check_wheels,recommendation,ตรวจสอบล้อรถเข็นว่าฝืดหรือไม่,Check cart wheels for friction.,direct,pass,not_applicable,pending_human_review,pending_human_review,pending_human_review,pending_human_review,,pending,,,1,ilo_ergonomic_checkpoints_agriculture,37
act_extra_fert_cart.01,act_extra_fert_cart,recommendation,ใช้รถเข็นบรรทุกกระสอบปุ๋ยแทนการแบก,Use a cart to carry fertilizer sacks instead of carrying them on the body.,direct,pass,not_applicable,pending_human_review,pending_human_review,pending_human_review,pending_human_review,,pending,,,1,app_recommendations_v3,2
act_extra_prune_ladder.01,act_extra_prune_ladder,recommendation,ใช้บันไดที่มั่นคงแทนการเอื้อมสุดแขน,Use a stable ladder instead of reaching with the arm fully extended.,direct,pass,not_applicable,pending_human_review,pending_human_review,pending_human_review,pending_human_review,,pending,,,1,app_recommendations_v3,2
act_extra_prune_tool.01,act_extra_prune_tool,recommendation,ใช้กรรไกรตัดกิ่งด้ามยาว,Use long-handled pruning shears.,direct,pass,not_applicable,pending_human_review,pending_human_review,pending_human_review,pending_human_review,,pending,,,1,app_recommendations_v3,2
act_extra_spray_strap.01,act_extra_spray_strap,recommendation,ปรับสายสะพายเครื่องพ่นยาให้กระชับ,Adjust the sprayer straps so they fit securely.,direct,pass,not_applicable,pending_human_review,pending_human_review,pending_human_review,pending_human_review,,pending,,,1,app_recommendations_v3,2
act_extra_spray_switch.01,act_extra_spray_switch,recommendation,สลับข้างสะพายถังเพื่อลดการกดทับไหล่เดียว,Alternate the shoulder used to carry the tank to reduce pressure on one shoulder.,direct,pass,not_applicable,pending_human_review,pending_human_review,pending_human_review,pending_human_review,,pending,,,1,app_recommendations_v3,2
act_fert_ref_high.01,act_fert_ref_high,recommendation,ลดน้ำหนักปุ๋ยต่อครั้ง,Reduce fertilizer weight per trip.,direct,pass,not_applicable,pending_human_review,pending_human_review,pending_human_review,pending_human_review,,pending,,,1,app_recommendations_v3,2
act_fert_ref_high.02,act_fert_ref_high,recommendation,ใช้สายพานหรือรถเข็น,Use a conveyor or cart.,direct,pass,not_applicable,pending_human_review,pending_human_review,pending_human_review,pending_human_review,,pending,,,1,app_recommendations_v3,2
act_fert_ref_high.03,act_fert_ref_high,recommendation,จัดพัก 10 นาทีทุกชั่วโมง,Rest 10 minutes every hour.,direct,pass,pass,pending_human_review,pending_human_review,pending_human_review,pending_human_review,,pending,,,1,app_recommendations_v3,2
act_fert_ref_high.04,act_fert_ref_high,recommendation,หลีกเลี่ยงการทำงานบนพื้นที่ลาดชันต่อเนื่อง,Avoid continuous work on slopes.,direct,pass,not_applicable,pending_human_review,pending_human_review,pending_human_review,pending_human_review,,pending,,,1,app_recommendations_v3,2
act_fert_ref_low.01,act_fert_ref_low,recommendation,ใช้รถเข็นถ้าต้องเคลื่อนย้ายปุ๋ยไกล และหมั่นเปลี่ยนท่าทางทุก 30 นาที,"Use a cart when fertilizer must be moved over a long distance, and change posture every 30 minutes.",direct,pass,pass,pending_human_review,pending_human_review,pending_human_review,pending_human_review,,pending,,,1,app_recommendations_v3,2
act_fert_ref_medium.01,act_fert_ref_medium,recommendation,แบ่งปุ๋ยใส่ภาชนะเล็ก,Split fertilizer into smaller containers.,direct,pass,not_applicable,pending_human_review,pending_human_review,pending_human_review,pending_human_review,,pending,,,1,app_recommendations_v3,2
act_fert_ref_medium.02,act_fert_ref_medium,recommendation,ใช้รถเข็น,Use a cart.,direct,pass,not_applicable,pending_human_review,pending_human_review,pending_human_review,pending_human_review,,pending,,,1,app_recommendations_v3,2
act_fert_ref_medium.03,act_fert_ref_medium,recommendation,หลีกเลี่ยงการบิดตัวขณะยก และใส่รองเท้ากันลื่น,Avoid twisting while lifting and wear non-slip footwear.,direct,pass,not_applicable,pending_human_review,pending_human_review,pending_human_review,pending_human_review,,pending,,,1,app_recommendations_v3,2
act_fert_split_load.01,act_fert_split_load,recommendation,แบ่งปุ๋ยเป็นน้ำหนักน้อยลงในแต่ละรอบ,Split fertilizer into smaller loads per round.,direct,pass,not_applicable,pending_human_review,pending_human_review,pending_human_review,pending_human_review,,pending,,,1,app_recommendations_v3,2
act_harvest_empty_often.01,act_harvest_empty_often,recommendation,ลดการก้มโดยปรับความสูงตะกร้า,Raise the basket to reduce bending.,direct,pass,not_applicable,pending_human_review,pending_human_review,pending_human_review,pending_human_review,,pending,,,1,app_recommendations_v3,2
act_harvest_move_closer.01,act_harvest_move_closer,recommendation,ขยับเข้าใกล้ต้นก่อนเก็บ เพื่อลดการเอื้อมไกล,Move closer to the plant before picking instead of overreaching.,direct,pass,not_applicable,pending_human_review,pending_human_review,pending_human_review,pending_human_review,,pending,,,1,body_map_recommendations,4
act_harvest_ref_high.01,act_harvest_ref_high,recommendation,ถ้าเก็บผลจากกิ่งสูงต้องใช้บันได,Use a ladder for high branches.,direct,pass,not_applicable,pending_human_review,pending_human_review,pending_human_review,pending_human_review,,pending,,,1,app_recommendations_v3,2
act_harvest_ref_high.02,act_harvest_ref_high,recommendation,หลีกเลี่ยงการปีน,Avoid climbing.,direct,pass,not_applicable,pending_human_review,pending_human_review,pending_human_review,pending_human_review,,pending,,,1,app_recommendations_v3,2
act_harvest_ref_high.03,act_harvest_ref_high,recommendation,หยุดพัก 10 นาทีทุก 20 นาที,Rest 10 minutes every 20 minutes.,direct,pass,pass,pending_human_review,pending_human_review,pending_human_review,pending_human_review,,pending,,,1,app_recommendations_v3,2
act_harvest_ref_high.04,act_harvest_ref_high,recommendation,ถ้ามีอาการปวดมือหรือหลังให้หยุดงานทันที,Stop immediately if hand or back pain occurs.,direct,pass,not_applicable,pending_human_review,pending_human_review,pending_human_review,pending_human_review,,pending,,,1,app_recommendations_v3,2
act_harvest_ref_low.01,act_harvest_ref_low,recommendation,เปลี่ยนท่า ยืน-นั่งยอง ทุก 20 นาที,Alternate between standing and squatting every 20 minutes.,direct,pass,pass,pending_human_review,pending_human_review,pending_human_review,pending_human_review,,pending,,,1,app_recommendations_v3,2
act_harvest_ref_low.02,act_harvest_ref_low,recommendation,ใช้ถุงมือนุ่ม และตั้งตะกร้าบนแท่นสูง,Use soft gloves and place the basket on a raised stand.,direct,pass,not_applicable,pending_human_review,pending_human_review,pending_human_review,pending_human_review,,pending,,,1,app_recommendations_v3,2
act_harvest_ref_medium.01,act_harvest_ref_medium,recommendation,ใช้ถุงมือลดแรงกด,Use padded gloves.,direct,pass,not_applicable,pending_human_review,pending_human_review,pending_human_review,pending_human_review,,pending,,,1,app_recommendations_v3,2
act_harvest_ref_medium.02,act_harvest_ref_medium,recommendation,ลดการก้มโดยปรับความสูงตะกร้า,Reduce bending by raising the basket.,direct,pass,not_applicable,pending_human_review,pending_human_review,pending_human_review,pending_human_review,,pending,,,1,app_recommendations_v3,2
act_harvest_ref_medium.03,act_harvest_ref_medium,recommendation,พัก 5 นาทีทุก 30 นาที,Rest 5 minutes every 30 minutes.,direct,pass,pass,pending_human_review,pending_human_review,pending_human_review,pending_human_review,,pending,,,1,app_recommendations_v3,2
act_harvest_ref_medium.04,act_harvest_ref_medium,recommendation,สังเกตอาการชาที่มือ,Watch for hand numbness.,direct,pass,not_applicable,pending_human_review,pending_human_review,pending_human_review,pending_human_review,,pending,,,1,app_recommendations_v3,2
act_iso_floor_level.01,act_iso_floor_level,recommendation,จัดพื้นทางเดินให้เรียบ แห้ง ไม่ลื่น และไม่มีสิ่งกีดขวาง,"Keep the transport surface level, dry, non-slip, and clear of obstacles.",direct,pass,not_applicable,pending_human_review,pending_human_review,pending_human_review,pending_human_review,,pending,,,1,ilo_ergonomic_checkpoints_agriculture,"29,31"
act_iso_improve_grip.01,act_iso_improve_grip,recommendation,ใช้ภาชนะหรือด้ามจับที่จับได้ถนัดและมั่นคง,Use containers or handles that are easy to grip securely.,direct,pass,not_applicable,pending_human_review,pending_human_review,pending_human_review,pending_human_review,,pending,,,1,ilo_ergonomic_checkpoints_agriculture,79
act_iso_job_rotation.01,act_iso_job_rotation,recommendation,สลับงานเพื่อลดการใช้กล้ามเนื้อกลุ่มเดิมต่อเนื่องนานเกินไป,Rotate tasks so the same muscles are not used continuously.,direct,pass,not_applicable,pending_human_review,pending_human_review,pending_human_review,pending_human_review,,pending,,,1,ilo_ergonomic_checkpoints_agriculture,229
act_iso_keep_load_close.01,act_iso_keep_load_close,recommendation,วางของให้ชิดลำตัวก่อนยกหรือขนย้าย,Keep the load close to the body before lifting or carrying.,direct,pass,not_applicable,pending_human_review,pending_human_review,pending_human_review,pending_human_review,,pending,,,1,ilo_ergonomic_checkpoints_agriculture,51
act_iso_lift_height.01,act_iso_lift_height,recommendation,จัดของให้อยู่ระดับประมาณข้อนิ้วถึงข้อศอกก่อนยก,Place the load around knuckle-to-elbow height before lifting.,direct,pass,not_applicable,pending_human_review,pending_human_review,pending_human_review,pending_human_review,,pending,,,1,app_recommendations_v3,4
act_iso_neutral_reach.01,act_iso_neutral_reach,recommendation,ทำงานใกล้ลำตัว,Keep hands near the body.,direct,pass,not_applicable,pending_human_review,pending_human_review,pending_human_review,pending_human_review,,pending,,,1,ilo_ergonomic_checkpoints_agriculture,"51,65"
act_iso_neutral_reach.02,act_iso_neutral_reach,recommendation,ลดการเอื้อมไกลหรือขยับข้อไปสุดช่วง,Avoid extreme reach or joint positions.,direct,pass,not_applicable,pending_human_review,pending_human_review,pending_human_review,pending_human_review,,pending,,,1,ilo_ergonomic_checkpoints_agriculture,"51,65"
act_iso_plan_recovery.01,act_iso_plan_recovery,recommendation,วางแผนพักสั้น ๆ หรือสลับงานเมื่อต้องทำซ้ำหลายรอบ,Plan short recovery breaks or rotate tasks during repeated work.,direct,pass,not_applicable,pending_human_review,pending_human_review,pending_human_review,pending_human_review,,pending,,,1,ilo_ergonomic_checkpoints_agriculture,243
act_iso_push_handle_height.01,act_iso_push_handle_height,recommendation,ปรับด้ามจับให้อยู่ใกล้ระดับข้อศอก เพื่อใช้แรงได้มั่นคง,Adjust handles near elbow height so the body can push steadily.,direct,pass,not_applicable,pending_human_review,pending_human_review,pending_human_review,pending_human_review,,pending,,,1,ilo_ergonomic_checkpoints_agriculture,63
act_iso_push_not_pull.01,act_iso_push_not_pull,recommendation,ถ้าทำได้ให้ดันโดยใช้น้ำหนักตัว แทนการลากด้วยแรงแขน,Push with body weight when possible instead of pulling with the arms.,plain_english,pass,not_applicable,pending_human_review,pending_human_review,pending_human_review,pending_human_review,,pending,,,1,app_recommendations_v3,5
act_iso_push_smooth.01,act_iso_push_smooth,recommendation,ออกแรงดันหรือลากอย่างต่อเนื่อง ไม่กระชาก,Apply push or pull force smoothly without jerking.,plain_english,pass,not_applicable,pending_human_review,pending_human_review,pending_human_review,pending_human_review,,pending,,,1,app_recommendations_v3,5
act_iso_reduce_frequency.01,act_iso_reduce_frequency,recommendation,ลดความถี่ในการยก หรือแบ่งงานเป็นรอบสั้นลง,Reduce lifting frequency or split the task into shorter rounds.,direct,pass,not_applicable,pending_human_review,pending_human_review,pending_human_review,pending_human_review,,pending,,,1,body_map_recommendations,"4,8"
act_iso_reduce_push_distance.01,act_iso_reduce_push_distance,recommendation,ลดระยะทางดัน/ลาก หรือแบ่งเส้นทางเป็นช่วงสั้นลง,Shorten push/pull distance or divide the route into shorter sections.,direct,pass,not_applicable,pending_human_review,pending_human_review,pending_human_review,pending_human_review,,pending,,,1,app_recommendations_v3,5
act_iso_tool_handle_fit.01,act_iso_tool_handle_fit,recommendation,ใช้ด้ามจับที่ไม่ลื่น มีขนาดพอดีมือ,Use non-slip handles that fit the hand.,direct,pass,not_applicable,pending_human_review,pending_human_review,pending_human_review,pending_human_review,,pending,,,1,ilo_ergonomic_checkpoints_agriculture,79
act_iso_tool_handle_fit.02,act_iso_tool_handle_fit,recommendation,ลดแรงบีบจับ,Reduce gripping force.,direct,pass,not_applicable,pending_human_review,pending_human_review,pending_human_review,pending_human_review,,pending,,,1,ilo_ergonomic_checkpoints_agriculture,79
act_pesticide_ref_high.01,act_pesticide_ref_high,recommendation,ถ้าถังพ่นหนักเกินน้ำหนักที่แนะนำ ให้ใช้อุปกรณ์ล้อเข็นหรือหัวฉีดแบบต่อท่อยาว,"If the sprayer tank exceeds the recommended weight, use a wheeled aid or a long-hose nozzle.",direct,pass,not_applicable,pending_human_review,pending_human_review,pending_human_review,pending_human_review,,pending,,,1,app_recommendations_v3,2
act_pesticide_ref_high.02,act_pesticide_ref_high,recommendation,หมุนเวียนงานกับเพื่อนทุก 30 นาที,Rotate tasks with a coworker every 30 minutes.,direct,pass,pass,pending_human_review,pending_human_review,pending_human_review,pending_human_review,,pending,,,1,app_recommendations_v3,2
act_pesticide_ref_low.01,act_pesticide_ref_low,recommendation,ปรับสายสะพายเครื่องพ่นให้พอดี,Fit sprayer straps properly.,direct,pass,not_applicable,pending_human_review,pending_human_review,pending_human_review,pending_human_review,,pending,,,1,app_recommendations_v3,2
act_pesticide_ref_low.02,act_pesticide_ref_low,recommendation,ใช้หัวฉีดน้ำหนักเบา,Use a lightweight nozzle.,direct,pass,not_applicable,pending_human_review,pending_human_review,pending_human_review,pending_human_review,,pending,,,1,app_recommendations_v3,2
act_pesticide_ref_low.03,act_pesticide_ref_low,recommendation,พัก 5 นาทีทุกชั่วโมง,Rest 5 minutes every hour.,direct,pass,pass,pending_human_review,pending_human_review,pending_human_review,pending_human_review,,pending,,,1,app_recommendations_v3,2
act_pesticide_ref_medium.01,act_pesticide_ref_medium,recommendation,ลดระยะเวลาพ่นต่อเนื่องไม่เกิน 1 ชั่วโมง แล้วพัก 15 นาที,"Limit continuous spraying to 1 hour, then rest for 15 minutes.",direct,pass,pass,pending_human_review,pending_human_review,pending_human_review,pending_human_review,,pending,,,1,app_recommendations_v3,2
act_pesticide_ref_medium.02,act_pesticide_ref_medium,recommendation,สลับข้างที่ถือท่อพ่น และใส่รองเท้ากันลื่น,Alternate the side holding the spray wand and wear non-slip footwear.,direct,pass,not_applicable,pending_human_review,pending_human_review,pending_human_review,pending_human_review,,pending,,,1,app_recommendations_v3,2
act_pruning_ref_high.01,act_pruning_ref_high,recommendation,เปลี่ยนมาใช้เครื่องตัดกิ่งแบบกลไกช่วย,Use mechanically assisted pruning tools.,direct,pass,not_applicable,pending_human_review,pending_human_review,pending_human_review,pending_human_review,,pending,,,1,app_recommendations_v3,2
act_pruning_ref_high.02,act_pruning_ref_high,recommendation,ถ้าใช้กรรไกรต้องพัก 10 นาทีทุก 20 นาที,"When using shears, rest for 10 minutes every 20 minutes.",direct,pass,pass,pending_human_review,pending_human_review,pending_human_review,pending_human_review,,pending,,,1,app_recommendations_v3,2
act_pruning_ref_high.03,act_pruning_ref_high,recommendation,ทำงานเป็นทีมเพื่อหมุนเวียน,Work as a team to rotate tasks.,direct,pass,not_applicable,pending_human_review,pending_human_review,pending_human_review,pending_human_review,,pending,,,1,app_recommendations_v3,2
act_pruning_ref_high.04,act_pruning_ref_high,recommendation,หลีกเลี่ยงการตัดในท่าบิดตัว,Avoid twisting while pruning.,direct,pass,not_applicable,pending_human_review,pending_human_review,pending_human_review,pending_human_review,,pending,,,1,app_recommendations_v3,2
act_pruning_ref_low.01,act_pruning_ref_low,recommendation,ใช้กรรไกรคมและน้ำหนักเบา,"Use sharp, lightweight shears.",direct,pass,not_applicable,pending_human_review,pending_human_review,pending_human_review,pending_human_review,,pending,,,1,app_recommendations_v3,2
act_pruning_ref_low.02,act_pruning_ref_low,recommendation,สลับแขนทุก 10-15 นาที และอย่ายกแขนเหนือศีรษะนาน,Switch arms every 10-15 minutes and avoid keeping the arms above the head for long periods.,direct,pass,pass,pending_human_review,pending_human_review,pending_human_review,pending_human_review,,pending,,,1,app_recommendations_v3,2
act_pruning_ref_medium.01,act_pruning_ref_medium,recommendation,ใช้กรรไกรแบบก้านยาวเพื่อลดการเอื้อม,Use long-handled shears to reduce reaching.,direct,pass,not_applicable,pending_human_review,pending_human_review,pending_human_review,pending_human_review,,pending,,,1,app_recommendations_v3,2
act_pruning_ref_medium.02,act_pruning_ref_medium,recommendation,ใช้บันไดสำหรับกิ่งสูง,Use a ladder for high branches.,direct,pass,not_applicable,pending_human_review,pending_human_review,pending_human_review,pending_human_review,,pending,,,1,app_recommendations_v3,2
act_pruning_ref_medium.03,act_pruning_ref_medium,recommendation,สลับแขน,Switch arms.,direct,pass,not_applicable,pending_human_review,pending_human_review,pending_human_review,pending_human_review,,pending,,,1,app_recommendations_v3,2
act_pruning_ref_medium.04,act_pruning_ref_medium,recommendation,พัก 5 นาทีทุก 30 นาที,Rest 5 minutes every 30 minutes.,direct,pass,pass,pending_human_review,pending_human_review,pending_human_review,pending_human_review,,pending,,,1,app_recommendations_v3,2
act_reduce_arm_raise.01,act_reduce_arm_raise,recommendation,ลดการยกแขนสูงเหนือไหล่เป็นเวลานาน,Reduce prolonged arm raising.,direct,pass,not_applicable,pending_human_review,pending_human_review,pending_human_review,pending_human_review,,pending,,,1,body_map_recommendations,4-5
act_reduce_load_tool.01,act_reduce_load_tool,recommendation,ลดน้ำหนักสิ่งของ หรือใช้เครื่องทุ่นแรง,Reduce the load weight or use a handling aid.,direct,pass,not_applicable,pending_human_review,pending_human_review,pending_human_review,pending_human_review,,pending,,,1,body_map_recommendations,"4,8"
act_reduce_weight.01,act_reduce_weight,recommendation,ลดน้ำหนักที่ยก,Reduce load weight.,direct,pass,not_applicable,pending_human_review,pending_human_review,pending_human_review,pending_human_review,,pending,,,1,body_map_recommendations,7-8
act_ref_weight_high.01,act_ref_weight_high,recommendation,ลดน้ำหนักที่ยกทันที: ชาย 20-45 ปี ไม่เกิน 13 กก.,Reduce lifting weight immediately: men aged 20-45 years should lift no more than 13 kg.,direct,pass,pass,pending_human_review,pending_human_review,pending_human_review,pending_human_review,,pending,,,1,app_recommendations_v3,1
act_ref_weight_high.02,act_ref_weight_high,recommendation,ชายอายุต่ำกว่า 20 หรือมากกว่า 45 ปี ไม่เกิน 10 กก.,Men under 20 or over 45 years should lift no more than 10 kg.,direct,pass,pass,pending_human_review,pending_human_review,pending_human_review,pending_human_review,,pending,,,1,app_recommendations_v3,1
act_ref_weight_high.03,act_ref_weight_high,recommendation,หญิง 20-45 ปี ไม่เกิน 10 กก.,Women aged 20-45 years should lift no more than 10 kg.,direct,pass,pass,pending_human_review,pending_human_review,pending_human_review,pending_human_review,,pending,,,1,app_recommendations_v3,1
act_ref_weight_high.04,act_ref_weight_high,recommendation,หญิงอายุต่ำกว่า 20 หรือมากกว่า 45 ปี ไม่เกิน 8 กก.,Women under 20 or over 45 years should lift no more than 8 kg.,direct,pass,pass,pending_human_review,pending_human_review,pending_human_review,pending_human_review,,pending,,,1,app_recommendations_v3,1
act_ref_weight_high.05,act_ref_weight_high,recommendation,ถ้าเกินนี้ให้ใช้อุปกรณ์ช่วย,Use a handling aid if the load exceeds these limits.,direct,pass,not_applicable,pending_human_review,pending_human_review,pending_human_review,pending_human_review,,pending,,,1,app_recommendations_v3,1
act_ref_weight_low.01,act_ref_weight_low,recommendation,ตรวจสอบน้ำหนักที่ยก: ชาย 20-45 ปี ไม่เกิน 25 กก.,Check lifting weight: men aged 20-45 years should lift no more than 25 kg.,direct,pass,pass,pending_human_review,pending_human_review,pending_human_review,pending_human_review,,pending,,,1,app_recommendations_v3,1
act_ref_weight_low.02,act_ref_weight_low,recommendation,ชายอายุต่ำกว่า 20 หรือมากกว่า 45 ปี ไม่เกิน 20 กก.,Men under 20 or over 45 years should lift no more than 20 kg.,direct,pass,pass,pending_human_review,pending_human_review,pending_human_review,pending_human_review,,pending,,,1,app_recommendations_v3,1
act_ref_weight_low.03,act_ref_weight_low,recommendation,หญิง 20-45 ปี ไม่เกิน 20 กก.,Women aged 20-45 years should lift no more than 20 kg.,direct,pass,pass,pending_human_review,pending_human_review,pending_human_review,pending_human_review,,pending,,,1,app_recommendations_v3,1
act_ref_weight_low.04,act_ref_weight_low,recommendation,หญิงอายุต่ำกว่า 20 หรือมากกว่า 45 ปี ไม่เกิน 15 กก.,Women under 20 or over 45 years should lift no more than 15 kg.,direct,pass,pass,pending_human_review,pending_human_review,pending_human_review,pending_human_review,,pending,,,1,app_recommendations_v3,1
act_ref_weight_medium.01,act_ref_weight_medium,recommendation,ปรับน้ำหนักที่ยก: ชาย 20-45 ปี ไม่เกิน 18 กก.,Reduce lifting weight: men aged 20-45 years should lift no more than 18 kg.,direct,pass,pass,pending_human_review,pending_human_review,pending_human_review,pending_human_review,,pending,,,1,app_recommendations_v3,1
act_ref_weight_medium.02,act_ref_weight_medium,recommendation,ชายอายุต่ำกว่า 20 หรือมากกว่า 45 ปี ไม่เกิน 15 กก.,Men under 20 or over 45 years should lift no more than 15 kg.,direct,pass,pass,pending_human_review,pending_human_review,pending_human_review,pending_human_review,,pending,,,1,app_recommendations_v3,1
act_ref_weight_medium.03,act_ref_weight_medium,recommendation,หญิง 20-45 ปี ไม่เกิน 15 กก.,Women aged 20-45 years should lift no more than 15 kg.,direct,pass,pass,pending_human_review,pending_human_review,pending_human_review,pending_human_review,,pending,,,1,app_recommendations_v3,1
act_ref_weight_medium.04,act_ref_weight_medium,recommendation,หญิงอายุต่ำกว่า 20 หรือมากกว่า 45 ปี ไม่เกิน 11 กก.,Women under 20 or over 45 years should lift no more than 11 kg.,direct,pass,pass,pending_human_review,pending_human_review,pending_human_review,pending_human_review,,pending,,,1,app_recommendations_v3,1
act_rest_stretch.01,act_rest_stretch,recommendation,ควรพักเบรกเพื่อยืดเหยียดกล้ามเนื้อ,Take breaks to stretch muscles.,direct,pass,not_applicable,pending_human_review,pending_human_review,pending_human_review,pending_human_review,,pending,,,1,ilo_ergonomic_checkpoints_agriculture,243
act_spray_extension.01,act_spray_extension,recommendation,ใช้ด้ามต่อหัวพ่น เพื่อลดการยกแขนสูงหรือเอื้อมไกล,Use an extension wand so the arm does not stay raised or overreached.,direct,pass,not_applicable,pending_human_review,pending_human_review,pending_human_review,pending_human_review,,pending,,,1,app_recommendations_v3,2
act_transplant_low_stool.01,act_transplant_low_stool,recommendation,ใช้เก้าอี้เตี้ยหรือเบาะรองเข่า แทนการนั่งยองนาน ๆ,Use a low stool or knee pad instead of squatting for long periods.,direct,pass,not_applicable,pending_human_review,pending_human_review,pending_human_review,pending_human_review,,pending,,,1,app_recommendations_v3,1
act_transplant_raise_bed.01,act_transplant_raise_bed,recommendation,ยกถาดกล้าหรือพื้นที่ทำงานให้สูงขึ้น เพื่อลดการก้มหลังลึก,Raise seedling trays or work height to reduce deep bending.,direct,pass,not_applicable,pending_human_review,pending_human_review,pending_human_review,pending_human_review,,pending,,,1,app_recommendations_v3,1
act_transplant_ref_high.01,act_transplant_ref_high,recommendation,ปรับปรุงทันทีโดยยกแปลงเพาะชำให้สูงระดับเอว,Improve the task immediately by raising the seedling bed to waist height.,direct,pass,not_applicable,pending_human_review,pending_human_review,pending_human_review,pending_human_review,,pending,,,1,app_recommendations_v3,1
act_transplant_ref_high.02,act_transplant_ref_high,recommendation,ใช้อุปกรณ์นั่งยองหรือเก้าอี้เตี้ย,Use a squatting support or low stool.,direct,pass,not_applicable,pending_human_review,pending_human_review,pending_human_review,pending_human_review,,pending,,,1,app_recommendations_v3,1
act_transplant_ref_high.03,act_transplant_ref_high,recommendation,พักทุก 15-20 นาที,Take a break every 15-20 minutes.,direct,pass,pass,pending_human_review,pending_human_review,pending_human_review,pending_human_review,,pending,,,1,app_recommendations_v3,1
act_transplant_ref_low.01,act_transplant_ref_low,recommendation,ท่าทางดีอยู่แล้ว ควรสลับยืนกับนั่งยองทุก 20 นาที,The posture is acceptable; alternate between standing and squatting every 20 minutes.,direct,pass,pass,pending_human_review,pending_human_review,pending_human_review,pending_human_review,,pending,,,1,app_recommendations_v3,1
act_transplant_ref_low.02,act_transplant_ref_low,recommendation,ตรวจสอบความสูงของแปลงเพาะชำให้พอดีกับเอว,Check that the seedling bed is close to waist height.,direct,pass,not_applicable,pending_human_review,pending_human_review,pending_human_review,pending_human_review,,pending,,,1,app_recommendations_v3,1
act_transplant_ref_medium.01,act_transplant_ref_medium,recommendation,ลดการก้มโดยยกแปลงเพาะชำให้สูงขึ้น,Raise the seedling bed to reduce bending.,direct,pass,not_applicable,pending_human_review,pending_human_review,pending_human_review,pending_human_review,,pending,,,1,app_recommendations_v3,1
act_transplant_ref_medium.02,act_transplant_ref_medium,recommendation,ใช้เบาะรองนั่งยองหรือเก้าอี้เตี้ย,Use a squatting cushion or low stool.,direct,pass,not_applicable,pending_human_review,pending_human_review,pending_human_review,pending_human_review,,pending,,,1,app_recommendations_v3,1
act_transplant_ref_medium.03,act_transplant_ref_medium,recommendation,สลับท่าทุก 15 นาที และฝึกยกต้นกล้าโดยใช้ขา,Change posture every 15 minutes and lift seedlings using the legs.,direct,pass,pass,pending_human_review,pending_human_review,pending_human_review,pending_human_review,,pending,,,1,app_recommendations_v3,1
act_transport_clear_path.01,act_transport_clear_path,recommendation,จัดทางเดินให้เรียบและไม่มีสิ่งกีดขวางก่อนขนย้าย,Make the transport path level and clear of obstacles before moving materials.,direct,pass,not_applicable,pending_human_review,pending_human_review,pending_human_review,pending_human_review,,pending,,,1,ilo_ergonomic_checkpoints_agriculture,29
act_transport_ref_high.01,act_transport_ref_high,recommendation,ลดน้ำหนักกระสอบ,Reduce sack weight.,direct,pass,not_applicable,pending_human_review,pending_human_review,pending_human_review,pending_human_review,,pending,,,1,app_recommendations_v3,3
act_transport_ref_high.02,act_transport_ref_high,recommendation,ใช้เกวียนหรือรถเข็นล้อใหญ่ ปูพื้นกันลื่น,Use a wagon or large-wheel cart and provide a non-slip surface.,direct,pass,not_applicable,pending_human_review,pending_human_review,pending_human_review,pending_human_review,,pending,,,1,app_recommendations_v3,3
act_transport_ref_high.03,act_transport_ref_high,recommendation,จัดพัก 10-15 นาทีทุก 30 นาที และฝึกเทคนิคการยกที่ถูกต้องร่วมกับเพื่อน,Rest for 10-15 minutes every 30 minutes and practise correct team-lifting technique.,direct,pass,pass,pending_human_review,pending_human_review,pending_human_review,pending_human_review,,pending,,,1,app_recommendations_v3,3
act_transport_ref_low.01,act_transport_ref_low,recommendation,ใช้รถเข็นทุกครั้ง,Use a cart every time.,direct,pass,not_applicable,pending_human_review,pending_human_review,pending_human_review,pending_human_review,,pending,,,1,app_recommendations_v3,3
act_transport_ref_low.02,act_transport_ref_low,recommendation,ยกของโดยงอเข่า หลังตรง ไม่บิดตัว และสวมรองเท้ากันลื่น,"Lift by bending the knees, keeping the back straight, avoiding twisting, and wearing non-slip footwear.",direct,pass,not_applicable,pending_human_review,pending_human_review,pending_human_review,pending_human_review,,pending,,,1,app_recommendations_v3,3
act_transport_ref_medium.01,act_transport_ref_medium,recommendation,ลดน้ำหนักกระสอบ,Reduce sack weight.,direct,pass,not_applicable,pending_human_review,pending_human_review,pending_human_review,pending_human_review,,pending,,,1,app_recommendations_v3,3
act_transport_ref_medium.02,act_transport_ref_medium,recommendation,ใช้รถเข็น,Use a cart.,direct,pass,not_applicable,pending_human_review,pending_human_review,pending_human_review,pending_human_review,,pending,,,1,app_recommendations_v3,3
act_transport_ref_medium.03,act_transport_ref_medium,recommendation,ปรับปรุงทางเดิน,Improve the path.,direct,pass,not_applicable,pending_human_review,pending_human_review,pending_human_review,pending_human_review,,pending,,,1,app_recommendations_v3,3
act_transport_ref_medium.04,act_transport_ref_medium,recommendation,เปลี่ยนทิศทางโดยหมุนเท้าแทนการบิดเอว,Turn with the feet instead of twisting the waist.,direct,pass,not_applicable,pending_human_review,pending_human_review,pending_human_review,pending_human_review,,pending,,,1,app_recommendations_v3,3
act_transport_two_person.01,act_transport_two_person,recommendation,ให้คนช่วยยกเมื่อผลผลิตหนักเกินไป,Ask another person to help lift heavy produce when needed.,direct,pass,not_applicable,pending_human_review,pending_human_review,pending_human_review,pending_human_review,,pending,,,1,body_map_recommendations,8
act_use_cart_distance.01,act_use_cart_distance,recommendation,ใช้รถเข็นหรืออุปกรณ์ช่วยขนย้ายเมื่อต้องขนไกล,Use a cart or handling aid for long distance transport.,direct,pass,not_applicable,pending_human_review,pending_human_review,pending_human_review,pending_human_review,,pending,,,1,body_map_recommendations,"3,8"
act_use_legs.01,act_use_legs,recommendation,ใช้แรงจากขาในการออกแรง ไม่ใช่หลัง,"Use force from the legs, not the back.",direct,pass,not_applicable,pending_human_review,pending_human_review,pending_human_review,pending_human_review,,pending,,,1,app_recommendations_v3,"1,3"
ui.recommendations.heading,ui.recommendations.heading,ui_copy,คำแนะนำตามกิจกรรมและความเสี่ยง,Recommendations by activity and risk,direct,pass,not_applicable,pending_human_review,pending_human_review,pending_human_review,pending_human_review,,pending,,,1,current_app_recommendation_copy,
ui.recommendations.instruction,ui.recommendations.instruction,ui_copy,เริ่มจากข้อที่ทำได้จริงในงานนี้ แล้วติดตามคะแนนครั้งถัดไป,"Start with actions that fit this task, then compare the next result.",direct,pass,not_applicable,pending_human_review,pending_human_review,pending_human_review,pending_human_review,,pending,,,1,current_app_recommendation_copy,
ui.category.posture,ui.category.posture,ui_copy,ท่าทางที่ควรปรับ,Posture to adjust,direct,pass,not_applicable,pending_human_review,pending_human_review,pending_human_review,pending_human_review,,pending,,,1,current_app_recommendation_copy,
ui.category.risk_reduction,ui.category.risk_reduction,ui_copy,วิธีลดความเสี่ยง,Ways to reduce risk,direct,pass,not_applicable,pending_human_review,pending_human_review,pending_human_review,pending_human_review,,pending,,,1,current_app_recommendation_copy,
ui.category.rest_rotation,ui.category.rest_rotation,ui_copy,การพักหรือสลับงาน,Rest or task rotation,direct,pass,not_applicable,pending_human_review,pending_human_review,pending_human_review,pending_human_review,,pending,,,1,current_app_recommendation_copy,
ui.category.workload_support,ui.category.workload_support,ui_copy,อุปกรณ์ช่วยลดภาระงาน,Tools or workload support,direct,pass,not_applicable,pending_human_review,pending_human_review,pending_human_review,pending_human_review,,pending,,,1,current_app_recommendation_copy,
ui.recommendations.empty,ui.recommendations.empty,ui_copy,ไม่มีคำแนะนำเพิ่มเติม,No additional recommendation,direct,pass,not_applicable,pending_human_review,pending_human_review,pending_human_review,pending_human_review,,pending,,,1,current_app_recommendation_copy,
ui.recommendations.full,ui.recommendations.full,ui_copy,คำแนะนำฉบับเต็ม,Full recommendations,direct,pass,not_applicable,pending_human_review,pending_human_review,pending_human_review,pending_human_review,,pending,,,1,current_app_recommendation_copy,
report.selected_recommendations,report.selected_recommendations,ui_copy,คำแนะนำที่เลือก,Selected recommendations,direct,pass,not_applicable,pending_human_review,pending_human_review,pending_human_review,pending_human_review,,pending,,,1,current_app_recommendation_copy,
system.unmapped_saved_recommendation,system.unmapped_saved_recommendation,system_message,ไม่สามารถจับคู่คำแนะนำเดิมกับรายการปัจจุบันได้,A saved recommendation could not be matched to the current approved catalog.,plain_english,pass,not_applicable,pending_human_review,pending_human_review,pending_human_review,pending_human_review,,pending,,,1,current_app_recommendation_copy,
